case,configuration,threads,round,wall_seconds,compute_seconds,fft_seconds,signal_sha256,spectrum_sha256
L4_D1,apple_fk_serial,1,0,0.12983341699998618,0.12965604199996505,0.00010283300002811302,2b894eaad682cc3f15dc77a816036b1619150d97be3d7ddff2aa2ed245c7dbce,79d8d7e5a4f990a49692cfeab83208d053402f791e643e21e15e8c416bcb9a8d
L4_D1,apple_fk_serial,1,1,0.12932379199992283,0.12914275000002817,8.61669999494552e-05,2b894eaad682cc3f15dc77a816036b1619150d97be3d7ddff2aa2ed245c7dbce,79d8d7e5a4f990a49692cfeab83208d053402f791e643e21e15e8c416bcb9a8d
L4_D1,apple_fk_serial,1,2,0.12961949999998978,0.12944679099996392,6.716700011111243e-05,2b894eaad682cc3f15dc77a816036b1619150d97be3d7ddff2aa2ed245c7dbce,79d8d7e5a4f990a49692cfeab83208d053402f791e643e21e15e8c416bcb9a8d
L4_D1,apple_fk_serial,1,3,0.13087620799990418,0.13073333299996648,7.491700000628043e-05,2b894eaad682cc3f15dc77a816036b1619150d97be3d7ddff2aa2ed245c7dbce,79d8d7e5a4f990a49692cfeab83208d053402f791e643e21e15e8c416bcb9a8d
L4_D1,apple_fk_serial,1,4,0.12967329200000677,0.12954995799998414,6.462500005000038e-05,2b894eaad682cc3f15dc77a816036b1619150d97be3d7ddff2aa2ed245c7dbce,79d8d7e5a4f990a49692cfeab83208d053402f791e643e21e15e8c416bcb9a8d
L4_D1,apple_fk_openmp,16,0,0.01140508299999965,0.011273749999986649,5.937499997799023e-05,2b894eaad682cc3f15dc77a816036b1619150d97be3d7ddff2aa2ed245c7dbce,79d8d7e5a4f990a49692cfeab83208d053402f791e643e21e15e8c416bcb9a8d
L4_D1,apple_fk_openmp,16,1,0.011413082999979451,0.01126416700003574,8.233400001245172e-05,2b894eaad682cc3f15dc77a816036b1619150d97be3d7ddff2aa2ed245c7dbce,79d8d7e5a4f990a49692cfeab83208d053402f791e643e21e15e8c416bcb9a8d
L4_D1,apple_fk_openmp,16,2,0.011461875000009059,0.011385916999984147,3.183300009368395e-05,2b894eaad682cc3f15dc77a816036b1619150d97be3d7ddff2aa2ed245c7dbce,79d8d7e5a4f990a49692cfeab83208d053402f791e643e21e15e8c416bcb9a8d
L4_D1,apple_fk_openmp,16,3,0.012345291000087855,0.012218208000035702,6.520900001305563e-05,2b894eaad682cc3f15dc77a816036b1619150d97be3d7ddff2aa2ed245c7dbce,79d8d7e5a4f990a49692cfeab83208d053402f791e643e21e15e8c416bcb9a8d
L4_D1,apple_fk_openmp,16,4,0.01210229100001925,0.011994542000024921,6.104199997025717e-05,2b894eaad682cc3f15dc77a816036b1619150d97be3d7ddff2aa2ed245c7dbce,79d8d7e5a4f990a49692cfeab83208d053402f791e643e21e15e8c416bcb9a8d
L4_D1,apple_cpu_1,1,0,0.32061004199999843,0.3195690000000013,1.6999999957079126e-05,51bce47012ae8abd7a9718420ef5582008145bac44541d176da0be0e87c223c5,75087aede91024fb3ae0b87becc3c6194b9510ce00a3c4e75be18d68430f229c
L4_D1,apple_cpu_1,1,1,0.31917250000003605,0.31834199999991597,2.1000000060666935e-05,51bce47012ae8abd7a9718420ef5582008145bac44541d176da0be0e87c223c5,75087aede91024fb3ae0b87becc3c6194b9510ce00a3c4e75be18d68430f229c
L4_D1,apple_cpu_1,1,2,0.31439495800009354,0.31323599999996077,1.899999995202961e-05,51bce47012ae8abd7a9718420ef5582008145bac44541d176da0be0e87c223c5,75087aede91024fb3ae0b87becc3c6194b9510ce00a3c4e75be18d68430f229c
L4_D1,apple_cpu_1,1,3,0.31478200000003653,0.31389999999998963,2.2000000058142177e-05,51bce47012ae8abd7a9718420ef5582008145bac44541d176da0be0e87c223c5,75087aede91024fb3ae0b87becc3c6194b9510ce00a3c4e75be18d68430f229c
L4_D1,apple_cpu_1,1,4,0.3185094589999835,0.3175370000000157,2.0999999946980097e-05,51bce47012ae8abd7a9718420ef5582008145bac44541d176da0be0e87c223c5,75087aede91024fb3ae0b87becc3c6194b9510ce00a3c4e75be18d68430f229c
L4_D1,apple_cpu_16,16,0,0.0295806660000153,0.029028000000039356,1.899999995202961e-05,51bce47012ae8abd7a9718420ef5582008145bac44541d176da0be0e87c223c5,75087aede91024fb3ae0b87becc3c6194b9510ce00a3c4e75be18d68430f229c
L4_D1,apple_cpu_16,16,1,0.029236542000035115,0.028187000000002627,1.8000000068241206e-05,51bce47012ae8abd7a9718420ef5582008145bac44541d176da0be0e87c223c5,75087aede91024fb3ae0b87becc3c6194b9510ce00a3c4e75be18d68430f229c
L4_D1,apple_cpu_16,16,2,0.02846158399995602,0.028016999999977088,1.7000000070765964e-05,51bce47012ae8abd7a9718420ef5582008145bac44541d176da0be0e87c223c5,75087aede91024fb3ae0b87becc3c6194b9510ce00a3c4e75be18d68430f229c
L4_D1,apple_cpu_16,16,3,0.028464041000006546,0.02720800000008694,1.799999995455437e-05,51bce47012ae8abd7a9718420ef5582008145bac44541d176da0be0e87c223c5,75087aede91024fb3ae0b87becc3c6194b9510ce00a3c4e75be18d68430f229c
L4_D1,apple_cpu_16,16,4,0.029547250000064196,0.028172999999924286,1.600000007329072e-05,51bce47012ae8abd7a9718420ef5582008145bac44541d176da0be0e87c223c5,75087aede91024fb3ae0b87becc3c6194b9510ce00a3c4e75be18d68430f229c
L4_D1,apple_mps,16,0,0.032048416999941765,0.031464000000028136,1.5999999959603883e-05,2471d453d08bbc4698b3866924da6ceaecafcd4d8f6061bb214fe6c249857291,1f14c30947a03aa909c1329cd27d20de8bb929cefdf47479c5fa961f0c8fbaa1
L4_D1,apple_mps,16,1,0.033789333000072475,0.0331220000000485,1.799999995455437e-05,2471d453d08bbc4698b3866924da6ceaecafcd4d8f6061bb214fe6c249857291,1f14c30947a03aa909c1329cd27d20de8bb929cefdf47479c5fa961f0c8fbaa1
L4_D1,apple_mps,16,2,0.033458375000009255,0.03270899999995436,2.0000000063191692e-05,2471d453d08bbc4698b3866924da6ceaecafcd4d8f6061bb214fe6c249857291,1f14c30947a03aa909c1329cd27d20de8bb929cefdf47479c5fa961f0c8fbaa1
L4_D1,apple_mps,16,3,0.033362749999923835,0.03259700000000976,1.600000007329072e-05,2471d453d08bbc4698b3866924da6ceaecafcd4d8f6061bb214fe6c249857291,1f14c30947a03aa909c1329cd27d20de8bb929cefdf47479c5fa961f0c8fbaa1
L4_D1,apple_mps,16,4,0.03312195800003792,0.03227900000001682,1.499999996212864e-05,2471d453d08bbc4698b3866924da6ceaecafcd4d8f6061bb214fe6c249857291,1f14c30947a03aa909c1329cd27d20de8bb929cefdf47479c5fa961f0c8fbaa1
L4_D1,remote_fk_serial,1,0,0.7763217990286648,0.775897674029693,0.00022480101324617863,4b0ccc03026cda7bffce55890be8aa383e11fd73725f53cce1f6f92b6e5780b7,271bda43c80d2715368ad03f46a0669a429b98c00cacb28ce4ea2548becafc9a
L4_D1,remote_fk_serial,1,1,0.7975095249712467,0.7970855699386448,0.00023275695275515318,4b0ccc03026cda7bffce55890be8aa383e11fd73725f53cce1f6f92b6e5780b7,271bda43c80d2715368ad03f46a0669a429b98c00cacb28ce4ea2548becafc9a
L4_D1,remote_fk_serial,1,2,0.7450126610929146,0.744603372993879,0.00020703801419585943,4b0ccc03026cda7bffce55890be8aa383e11fd73725f53cce1f6f92b6e5780b7,271bda43c80d2715368ad03f46a0669a429b98c00cacb28ce4ea2548becafc9a
L4_D1,remote_fk_serial,1,3,0.7522206879220903,0.7518212900031358,0.00020718900486826897,4b0ccc03026cda7bffce55890be8aa383e11fd73725f53cce1f6f92b6e5780b7,271bda43c80d2715368ad03f46a0669a429b98c00cacb28ce4ea2548becafc9a
L4_D1,remote_fk_serial,1,4,0.7880127179669216,0.787607247941196,0.00020943302661180496,4b0ccc03026cda7bffce55890be8aa383e11fd73725f53cce1f6f92b6e5780b7,271bda43c80d2715368ad03f46a0669a429b98c00cacb28ce4ea2548becafc9a
L4_D1,remote_fk_openmp,32,0,0.10690888005774468,0.10647415393032134,0.00023164402227848768,4b0ccc03026cda7bffce55890be8aa383e11fd73725f53cce1f6f92b6e5780b7,271bda43c80d2715368ad03f46a0669a429b98c00cacb28ce4ea2548becafc9a
L4_D1,remote_fk_openmp,32,1,0.12094517191872001,0.12046435999218374,0.0002438869560137391,4b0ccc03026cda7bffce55890be8aa383e11fd73725f53cce1f6f92b6e5780b7,271bda43c80d2715368ad03f46a0669a429b98c00cacb28ce4ea2548becafc9a
L4_D1,remote_fk_openmp,32,2,0.10390631796326488,0.10354299703612924,0.0001409739488735795,4b0ccc03026cda7bffce55890be8aa383e11fd73725f53cce1f6f92b6e5780b7,271bda43c80d2715368ad03f46a0669a429b98c00cacb28ce4ea2548becafc9a
L4_D1,remote_fk_openmp,32,3,0.10027940606232733,0.09979049896355718,0.0002164060715585947,4b0ccc03026cda7bffce55890be8aa383e11fd73725f53cce1f6f92b6e5780b7,271bda43c80d2715368ad03f46a0669a429b98c00cacb28ce4ea2548becafc9a
L4_D1,remote_fk_openmp,32,4,0.11315237602684647,0.11269595101475716,0.00022332894150167704,4b0ccc03026cda7bffce55890be8aa383e11fd73725f53cce1f6f92b6e5780b7,271bda43c80d2715368ad03f46a0669a429b98c00cacb28ce4ea2548becafc9a
L4_D1,remote_cpu_1,1,0,1.4804890480590984,1.47890929505229,5.246803630143404e-05,cd9c0a440681d87804262086da138a635ae58cec98128b65fde26dd74150f647,2f1e54f434f14f284fde1656b48ecfb66834de420bb14d589653d0a94d18f989
L4_D1,remote_cpu_1,1,1,1.5205125489737839,1.518917266977951,3.418501000851393e-05,cd9c0a440681d87804262086da138a635ae58cec98128b65fde26dd74150f647,2f1e54f434f14f284fde1656b48ecfb66834de420bb14d589653d0a94d18f989
L4_D1,remote_cpu_1,1,2,1.459227056009695,1.4576634740224108,3.224005922675133e-05,cd9c0a440681d87804262086da138a635ae58cec98128b65fde26dd74150f647,2f1e54f434f14f284fde1656b48ecfb66834de420bb14d589653d0a94d18f989
L4_D1,remote_cpu_1,1,3,1.5151988279540092,1.5136576269287616,3.659806679934263e-05,cd9c0a440681d87804262086da138a635ae58cec98128b65fde26dd74150f647,2f1e54f434f14f284fde1656b48ecfb66834de420bb14d589653d0a94d18f989
L4_D1,remote_cpu_1,1,4,1.5164678749861196,1.5149175869300961,5.3699943237006664e-05,cd9c0a440681d87804262086da138a635ae58cec98128b65fde26dd74150f647,2f1e54f434f14f284fde1656b48ecfb66834de420bb14d589653d0a94d18f989
L4_D1,remote_cpu_32,32,0,0.14693410601466894,0.14545127493329346,5.713698919862509e-05,cd9c0a440681d87804262086da138a635ae58cec98128b65fde26dd74150f647,2f1e54f434f14f284fde1656b48ecfb66834de420bb14d589653d0a94d18f989
L4_D1,remote_cpu_32,32,1,0.14660457998979837,0.14550158206839114,5.685701034963131e-05,cd9c0a440681d87804262086da138a635ae58cec98128b65fde26dd74150f647,2f1e54f434f14f284fde1656b48ecfb66834de420bb14d589653d0a94d18f989
L4_D1,remote_cpu_32,32,2,0.13890783698298037,0.1377833179431036,3.3412943594157696e-05,cd9c0a440681d87804262086da138a635ae58cec98128b65fde26dd74150f647,2f1e54f434f14f284fde1656b48ecfb66834de420bb14d589653d0a94d18f989
L4_D1,remote_cpu_32,32,3,0.14362694509327412,0.14200293296016753,4.0866085328161716e-05,cd9c0a440681d87804262086da138a635ae58cec98128b65fde26dd74150f647,2f1e54f434f14f284fde1656b48ecfb66834de420bb14d589653d0a94d18f989
L4_D1,remote_cpu_32,32,4,0.15260129002854228,0.15121583291329443,7.601198740303516e-05,cd9c0a440681d87804262086da138a635ae58cec98128b65fde26dd74150f647,2f1e54f434f14f284fde1656b48ecfb66834de420bb14d589653d0a94d18f989
L4_D1,rtx5090,32,0,0.06876466306857765,0.06697037199046463,7.348798681050539e-05,d5c4e6fa7e748a0af2ff42c525511422ad205db4ac82ea704672a82d0992de48,557a3e22a7db5ebb2ebe06e29ad7c637efc1a6feb8c29ea366f0a405960699b3
L4_D1,rtx5090,32,1,0.07212442893069237,0.07061072997748852,5.304999649524689e-05,d5c4e6fa7e748a0af2ff42c525511422ad205db4ac82ea704672a82d0992de48,557a3e22a7db5ebb2ebe06e29ad7c637efc1a6feb8c29ea366f0a405960699b3
L4_D1,rtx5090,32,2,0.10438920010346919,0.10306869295891374,5.339994095265865e-05,d5c4e6fa7e748a0af2ff42c525511422ad205db4ac82ea704672a82d0992de48,557a3e22a7db5ebb2ebe06e29ad7c637efc1a6feb8c29ea366f0a405960699b3
L4_D1,rtx5090,32,3,0.144152941997163,0.14251881698146462,7.459998596459627e-05,d5c4e6fa7e748a0af2ff42c525511422ad205db4ac82ea704672a82d0992de48,557a3e22a7db5ebb2ebe06e29ad7c637efc1a6feb8c29ea366f0a405960699b3
L4_D1,rtx5090,32,4,0.14419024507515132,0.14296749304048717,5.287909880280495e-05,d5c4e6fa7e748a0af2ff42c525511422ad205db4ac82ea704672a82d0992de48,557a3e22a7db5ebb2ebe06e29ad7c637efc1a6feb8c29ea366f0a405960699b3
L4_D16,apple_fk_serial,1,0,0.3293868330000578,0.32906408399992415,0.0002432500000395521,05d9c46af1c7ffc21dce3e2adc9c9b824f795d9c65c17fd0a54d6f4dc0eeac62,fa260692061f10c7174011c69d478ff870aa8ae2124d247255bedd9b94971667
L4_D16,apple_fk_serial,1,1,0.32600762499998837,0.3257363750000195,0.00019766599996273726,05d9c46af1c7ffc21dce3e2adc9c9b824f795d9c65c17fd0a54d6f4dc0eeac62,fa260692061f10c7174011c69d478ff870aa8ae2124d247255bedd9b94971667
L4_D16,apple_fk_serial,1,2,0.32392862500000774,0.32364625000002434,0.00021183299998028815,05d9c46af1c7ffc21dce3e2adc9c9b824f795d9c65c17fd0a54d6f4dc0eeac62,fa260692061f10c7174011c69d478ff870aa8ae2124d247255bedd9b94971667
L4_D16,apple_fk_serial,1,3,0.3247712909999336,0.324478875000068,0.00022304200001599384,05d9c46af1c7ffc21dce3e2adc9c9b824f795d9c65c17fd0a54d6f4dc0eeac62,fa260692061f10c7174011c69d478ff870aa8ae2124d247255bedd9b94971667
L4_D16,apple_fk_serial,1,4,0.32495558300001903,0.32470016700006,0.00019054100005178043,05d9c46af1c7ffc21dce3e2adc9c9b824f795d9c65c17fd0a54d6f4dc0eeac62,fa260692061f10c7174011c69d478ff870aa8ae2124d247255bedd9b94971667
L4_D16,apple_fk_openmp,16,0,0.028746957999942424,0.02845962500009591,0.00018679200002225116,05d9c46af1c7ffc21dce3e2adc9c9b824f795d9c65c17fd0a54d6f4dc0eeac62,fa260692061f10c7174011c69d478ff870aa8ae2124d247255bedd9b94971667
L4_D16,apple_fk_openmp,16,1,0.027608500000042113,0.027375041000027522,0.00016900000002806337,05d9c46af1c7ffc21dce3e2adc9c9b824f795d9c65c17fd0a54d6f4dc0eeac62,fa260692061f10c7174011c69d478ff870aa8ae2124d247255bedd9b94971667
L4_D16,apple_fk_openmp,16,2,0.02956170800007385,0.029333291000057216,0.00017641700003423466,05d9c46af1c7ffc21dce3e2adc9c9b824f795d9c65c17fd0a54d6f4dc0eeac62,fa260692061f10c7174011c69d478ff870aa8ae2124d247255bedd9b94971667
L4_D16,apple_fk_openmp,16,3,0.029101209000032213,0.02887291699994421,0.00018245800004024204,05d9c46af1c7ffc21dce3e2adc9c9b824f795d9c65c17fd0a54d6f4dc0eeac62,fa260692061f10c7174011c69d478ff870aa8ae2124d247255bedd9b94971667
L4_D16,apple_fk_openmp,16,4,0.02841045800005304,0.028196333999972012,0.00014624999994339305,05d9c46af1c7ffc21dce3e2adc9c9b824f795d9c65c17fd0a54d6f4dc0eeac62,fa260692061f10c7174011c69d478ff870aa8ae2124d247255bedd9b94971667
L4_D16,apple_cpu_1,1,0,0.46282674999997653,0.4611380000000054,0.00022899999999026477,8e100ce709d1654f41c03a0f6bf2853154045fe6fe8953454667e6cfdd803565,aef90024bf5d7a9dc0bf4b6083ea73319bc7b7b9e009bd8e7f23856bd0ef6a5e
L4_D16,apple_cpu_1,1,1,0.46540200000004006,0.46393299999999726,0.00029099999994741665,8e100ce709d1654f41c03a0f6bf2853154045fe6fe8953454667e6cfdd803565,aef90024bf5d7a9dc0bf4b6083ea73319bc7b7b9e009bd8e7f23856bd0ef6a5e
L4_D16,apple_cpu_1,1,2,0.472266541999943,0.47089200000004894,0.000279999999975189,8e100ce709d1654f41c03a0f6bf2853154045fe6fe8953454667e6cfdd803565,aef90024bf5d7a9dc0bf4b6083ea73319bc7b7b9e009bd8e7f23856bd0ef6a5e
L4_D16,apple_cpu_1,1,3,0.4647159160000456,0.4624670000000606,0.00026800000000548607,8e100ce709d1654f41c03a0f6bf2853154045fe6fe8953454667e6cfdd803565,aef90024bf5d7a9dc0bf4b6083ea73319bc7b7b9e009bd8e7f23856bd0ef6a5e
L4_D16,apple_cpu_1,1,4,0.46373062500003925,0.4621700000000146,0.00028399999996508996,8e100ce709d1654f41c03a0f6bf2853154045fe6fe8953454667e6cfdd803565,aef90024bf5d7a9dc0bf4b6083ea73319bc7b7b9e009bd8e7f23856bd0ef6a5e
L4_D16,apple_cpu_16,16,0,0.041451958999914496,0.040211999999996806,0.0002160000000230866,8e100ce709d1654f41c03a0f6bf2853154045fe6fe8953454667e6cfdd803565,aef90024bf5d7a9dc0bf4b6083ea73319bc7b7b9e009bd8e7f23856bd0ef6a5e
L4_D16,apple_cpu_16,16,1,0.042013499999939086,0.04076299999996991,0.00028099999997266423,8e100ce709d1654f41c03a0f6bf2853154045fe6fe8953454667e6cfdd803565,aef90024bf5d7a9dc0bf4b6083ea73319bc7b7b9e009bd8e7f23856bd0ef6a5e
L4_D16,apple_cpu_16,16,2,0.04047375000004649,0.038801999999918735,0.00022400000000288856,8e100ce709d1654f41c03a0f6bf2853154045fe6fe8953454667e6cfdd803565,aef90024bf5d7a9dc0bf4b6083ea73319bc7b7b9e009bd8e7f23856bd0ef6a5e
L4_D16,apple_cpu_16,16,3,0.040477291999991394,0.03878600000007282,0.00028599999996004044,8e100ce709d1654f41c03a0f6bf2853154045fe6fe8953454667e6cfdd803565,aef90024bf5d7a9dc0bf4b6083ea73319bc7b7b9e009bd8e7f23856bd0ef6a5e
L4_D16,apple_cpu_16,16,4,0.041609791999917434,0.039785000000051696,0.00022899999999026477,8e100ce709d1654f41c03a0f6bf2853154045fe6fe8953454667e6cfdd803565,aef90024bf5d7a9dc0bf4b6083ea73319bc7b7b9e009bd8e7f23856bd0ef6a5e
L4_D16,apple_mps,16,0,0.034723416000019824,0.033753999999930784,0.00022400000000288856,d14fdf21d537814bb372b7493a62e00706c9101fe337d881cdf00d59cea49163,95c3344c3d6011d7d32c96a89a8b2d3de95fc1ac025804d62c42aaffc41fe241
L4_D16,apple_mps,16,1,0.03471958399995856,0.033542000000011285,0.00022999999998774,d14fdf21d537814bb372b7493a62e00706c9101fe337d881cdf00d59cea49163,95c3344c3d6011d7d32c96a89a8b2d3de95fc1ac025804d62c42aaffc41fe241
L4_D16,apple_mps,16,2,0.03481233299999076,0.03380400000003192,0.00022400000000288856,d14fdf21d537814bb372b7493a62e00706c9101fe337d881cdf00d59cea49163,95c3344c3d6011d7d32c96a89a8b2d3de95fc1ac025804d62c42aaffc41fe241
L4_D16,apple_mps,16,3,0.03685587500001475,0.03569299999992381,0.00024400000006608025,d14fdf21d537814bb372b7493a62e00706c9101fe337d881cdf00d59cea49163,95c3344c3d6011d7d32c96a89a8b2d3de95fc1ac025804d62c42aaffc41fe241
L4_D16,apple_mps,16,4,0.03602499999999509,0.03444600000000264,0.00021900000001551234,d14fdf21d537814bb372b7493a62e00706c9101fe337d881cdf00d59cea49163,95c3344c3d6011d7d32c96a89a8b2d3de95fc1ac025804d62c42aaffc41fe241
L4_D16,remote_fk_serial,1,0,2.7341718070674688,2.7333410689607263,0.0005728040123358369,222ac929b94ae238267ce6bc4329b1a3c83ab1b563fc043e7182bf69484375fb,872a2229094c818c9cd7c78d04e9195cad478ba0a45a1ec8d2a849cbef1647a7
L4_D16,remote_fk_serial,1,1,2.673936327919364,2.673214163049124,0.000517840962857008,222ac929b94ae238267ce6bc4329b1a3c83ab1b563fc043e7182bf69484375fb,872a2229094c818c9cd7c78d04e9195cad478ba0a45a1ec8d2a849cbef1647a7
L4_D16,remote_fk_serial,1,2,2.7285465620225295,2.727920347941108,0.0004355059936642647,222ac929b94ae238267ce6bc4329b1a3c83ab1b563fc043e7182bf69484375fb,872a2229094c818c9cd7c78d04e9195cad478ba0a45a1ec8d2a849cbef1647a7
L4_D16,remote_fk_serial,1,3,2.745658667990938,2.7450156409759074,0.00043411401566118,222ac929b94ae238267ce6bc4329b1a3c83ab1b563fc043e7182bf69484375fb,872a2229094c818c9cd7c78d04e9195cad478ba0a45a1ec8d2a849cbef1647a7
L4_D16,remote_fk_serial,1,4,2.72612620703876,2.725399964954704,0.0005247639492154121,222ac929b94ae238267ce6bc4329b1a3c83ab1b563fc043e7182bf69484375fb,872a2229094c818c9cd7c78d04e9195cad478ba0a45a1ec8d2a849cbef1647a7
L4_D16,remote_fk_openmp,32,0,0.2437394029693678,0.24301165796350688,0.0004991759778931737,222ac929b94ae238267ce6bc4329b1a3c83ab1b563fc043e7182bf69484375fb,872a2229094c818c9cd7c78d04e9195cad478ba0a45a1ec8d2a849cbef1647a7
L4_D16,remote_fk_openmp,32,1,0.24249264399986714,0.24168165191076696,0.0004771850071847439,222ac929b94ae238267ce6bc4329b1a3c83ab1b563fc043e7182bf69484375fb,872a2229094c818c9cd7c78d04e9195cad478ba0a45a1ec8d2a849cbef1647a7
L4_D16,remote_fk_openmp,32,2,0.267155678011477,0.2664243070175871,0.0005616530543193221,222ac929b94ae238267ce6bc4329b1a3c83ab1b563fc043e7182bf69484375fb,872a2229094c818c9cd7c78d04e9195cad478ba0a45a1ec8d2a849cbef1647a7
L4_D16,remote_fk_openmp,32,3,0.2355469879694283,0.23483029392082244,0.000539551954716444,222ac929b94ae238267ce6bc4329b1a3c83ab1b563fc043e7182bf69484375fb,872a2229094c818c9cd7c78d04e9195cad478ba0a45a1ec8d2a849cbef1647a7
L4_D16,remote_fk_openmp,32,4,0.22655364801175892,0.22582169494125992,0.0005114499945193529,222ac929b94ae238267ce6bc4329b1a3c83ab1b563fc043e7182bf69484375fb,872a2229094c818c9cd7c78d04e9195cad478ba0a45a1ec8d2a849cbef1647a7
L4_D16,remote_cpu_1,1,0,2.5955285320524126,2.592075081076473,0.0008156429976224899,79441d23ed6d7dafe3fbae1d3e9ec3f8ac17590dbc963726b9c75133d715c8ce,3f8347d77b997f4b59500f40b5c7b6b633c593a21b1bc2d915d8c941bd0e9b98
L4_D16,remote_cpu_1,1,1,2.548609388060868,2.5441382960416377,0.0007657120004296303,79441d23ed6d7dafe3fbae1d3e9ec3f8ac17590dbc963726b9c75133d715c8ce,3f8347d77b997f4b59500f40b5c7b6b633c593a21b1bc2d915d8c941bd0e9b98
L4_D16,remote_cpu_1,1,2,2.591955289011821,2.5877019909676164,0.001055730041116476,79441d23ed6d7dafe3fbae1d3e9ec3f8ac17590dbc963726b9c75133d715c8ce,3f8347d77b997f4b59500f40b5c7b6b633c593a21b1bc2d915d8c941bd0e9b98
L4_D16,remote_cpu_1,1,3,2.67321658693254,2.6701229760656133,0.0005733650177717209,79441d23ed6d7dafe3fbae1d3e9ec3f8ac17590dbc963726b9c75133d715c8ce,3f8347d77b997f4b59500f40b5c7b6b633c593a21b1bc2d915d8c941bd0e9b98
L4_D16,remote_cpu_1,1,4,2.677437571110204,2.6739199289586395,0.0005784810055047274,79441d23ed6d7dafe3fbae1d3e9ec3f8ac17590dbc963726b9c75133d715c8ce,3f8347d77b997f4b59500f40b5c7b6b633c593a21b1bc2d915d8c941bd0e9b98
L4_D16,remote_cpu_32,32,0,0.23349926702212542,0.22896951297298074,0.0011686219368129969,79441d23ed6d7dafe3fbae1d3e9ec3f8ac17590dbc963726b9c75133d715c8ce,3f8347d77b997f4b59500f40b5c7b6b633c593a21b1bc2d915d8c941bd0e9b98
L4_D16,remote_cpu_32,32,1,0.23366972897201777,0.22968405904248357,0.0008922129636630416,79441d23ed6d7dafe3fbae1d3e9ec3f8ac17590dbc963726b9c75133d715c8ce,3f8347d77b997f4b59500f40b5c7b6b633c593a21b1bc2d915d8c941bd0e9b98
L4_D16,remote_cpu_32,32,2,0.24263540096580982,0.23906398308463395,0.0009038749849423766,79441d23ed6d7dafe3fbae1d3e9ec3f8ac17590dbc963726b9c75133d715c8ce,3f8347d77b997f4b59500f40b5c7b6b633c593a21b1bc2d915d8c941bd0e9b98
L4_D16,remote_cpu_32,32,3,0.23176853789482266,0.22838238102849573,0.0005059599643573165,79441d23ed6d7dafe3fbae1d3e9ec3f8ac17590dbc963726b9c75133d715c8ce,3f8347d77b997f4b59500f40b5c7b6b633c593a21b1bc2d915d8c941bd0e9b98
L4_D16,remote_cpu_32,32,4,0.24126848601736128,0.23777607700321823,0.0008828249992802739,79441d23ed6d7dafe3fbae1d3e9ec3f8ac17590dbc963726b9c75133d715c8ce,3f8347d77b997f4b59500f40b5c7b6b633c593a21b1bc2d915d8c941bd0e9b98
L4_D16,rtx5090,32,0,0.1854270229814574,0.1806622470030561,0.0010023190407082438,a78843cf04dc2efb4b356effe77ce56bbc0c954a60aa4a0af5b4906e20eeaccf,c6026f44d1e60bc83bef5a0439de70d215d2a9fe2782eed78bba825c28fee3ce
L4_D16,rtx5090,32,1,0.17988702305592597,0.17626115400344133,0.0011403890093788505,a78843cf04dc2efb4b356effe77ce56bbc0c954a60aa4a0af5b4906e20eeaccf,c6026f44d1e60bc83bef5a0439de70d215d2a9fe2782eed78bba825c28fee3ce
L4_D16,rtx5090,32,2,0.18402185710147023,0.18022710096556693,0.0008120631100609899,a78843cf04dc2efb4b356effe77ce56bbc0c954a60aa4a0af5b4906e20eeaccf,c6026f44d1e60bc83bef5a0439de70d215d2a9fe2782eed78bba825c28fee3ce
L4_D16,rtx5090,32,3,0.1763425519457087,0.17277289694175124,0.0011512789642438293,a78843cf04dc2efb4b356effe77ce56bbc0c954a60aa4a0af5b4906e20eeaccf,c6026f44d1e60bc83bef5a0439de70d215d2a9fe2782eed78bba825c28fee3ce
L4_D16,rtx5090,32,4,0.17368710692971945,0.16998589492868632,0.0011462400434538722,a78843cf04dc2efb4b356effe77ce56bbc0c954a60aa4a0af5b4906e20eeaccf,c6026f44d1e60bc83bef5a0439de70d215d2a9fe2782eed78bba825c28fee3ce
L4_D64,apple_fk_serial,1,0,0.9536363329999631,0.9530563329999495,0.0004911659999606854,f45a51be76505d33ddb989ae2b0312708c6a96b3b4b17e092e9c904670ced356,c7737872da6c16ae1812288ae54e802e9d2a837ed7501664deecbfd7bba89fcd
L4_D64,apple_fk_serial,1,1,0.949134416999982,0.9485650829999486,0.0004908749999685824,f45a51be76505d33ddb989ae2b0312708c6a96b3b4b17e092e9c904670ced356,c7737872da6c16ae1812288ae54e802e9d2a837ed7501664deecbfd7bba89fcd
L4_D64,apple_fk_serial,1,2,0.9502807080000366,0.9497048329999416,0.0004950840000219614,f45a51be76505d33ddb989ae2b0312708c6a96b3b4b17e092e9c904670ced356,c7737872da6c16ae1812288ae54e802e9d2a837ed7501664deecbfd7bba89fcd
L4_D64,apple_fk_serial,1,3,0.948723125000015,0.9481428329999062,0.0005069999999705033,f45a51be76505d33ddb989ae2b0312708c6a96b3b4b17e092e9c904670ced356,c7737872da6c16ae1812288ae54e802e9d2a837ed7501664deecbfd7bba89fcd
L4_D64,apple_fk_serial,1,4,0.9469815840000138,0.946430792000001,0.00047408299997186987,f45a51be76505d33ddb989ae2b0312708c6a96b3b4b17e092e9c904670ced356,c7737872da6c16ae1812288ae54e802e9d2a837ed7501664deecbfd7bba89fcd
L4_D64,apple_fk_openmp,16,0,0.08318141700010528,0.0825966669999616,0.0005014160000200718,f45a51be76505d33ddb989ae2b0312708c6a96b3b4b17e092e9c904670ced356,c7737872da6c16ae1812288ae54e802e9d2a837ed7501664deecbfd7bba89fcd
L4_D64,apple_fk_openmp,16,1,0.08309950000000299,0.0825368340000523,0.00048033400003077986,f45a51be76505d33ddb989ae2b0312708c6a96b3b4b17e092e9c904670ced356,c7737872da6c16ae1812288ae54e802e9d2a837ed7501664deecbfd7bba89fcd
L4_D64,apple_fk_openmp,16,2,0.08287991699990016,0.08232583300002716,0.00046770899996317894,f45a51be76505d33ddb989ae2b0312708c6a96b3b4b17e092e9c904670ced356,c7737872da6c16ae1812288ae54e802e9d2a837ed7501664deecbfd7bba89fcd
L4_D64,apple_fk_openmp,16,3,0.07985549999989416,0.07927920899999208,0.0004985829999668567,f45a51be76505d33ddb989ae2b0312708c6a96b3b4b17e092e9c904670ced356,c7737872da6c16ae1812288ae54e802e9d2a837ed7501664deecbfd7bba89fcd
L4_D64,apple_fk_openmp,16,4,0.08082708400002048,0.08026091699991866,0.0004902919999949518,f45a51be76505d33ddb989ae2b0312708c6a96b3b4b17e092e9c904670ced356,c7737872da6c16ae1812288ae54e802e9d2a837ed7501664deecbfd7bba89fcd
L4_D64,apple_cpu_1,1,0,0.9463380419999794,0.9435989999999492,0.0008940000000166037,cec1ab7db8312d5c3143c1e1d9bb705243431baa82130df3270354a451f19748,aa10a73b17fb31b0b24e03966157d83f2cf654ea62739bf408939ca6c9b91afb
L4_D64,apple_cpu_1,1,1,0.9464979169999879,0.9433559999999943,0.0010270000000218715,cec1ab7db8312d5c3143c1e1d9bb705243431baa82130df3270354a451f19748,aa10a73b17fb31b0b24e03966157d83f2cf654ea62739bf408939ca6c9b91afb
L4_D64,apple_cpu_1,1,2,0.9389957079999931,0.9361199999999599,0.0009340000000293003,cec1ab7db8312d5c3143c1e1d9bb705243431baa82130df3270354a451f19748,aa10a73b17fb31b0b24e03966157d83f2cf654ea62739bf408939ca6c9b91afb
L4_D64,apple_cpu_1,1,3,0.9411404589999393,0.9385630000000447,0.0009039999999913562,cec1ab7db8312d5c3143c1e1d9bb705243431baa82130df3270354a451f19748,aa10a73b17fb31b0b24e03966157d83f2cf654ea62739bf408939ca6c9b91afb
L4_D64,apple_cpu_1,1,4,0.9443157910000082,0.9414709999999786,0.000933000000031825,cec1ab7db8312d5c3143c1e1d9bb705243431baa82130df3270354a451f19748,aa10a73b17fb31b0b24e03966157d83f2cf654ea62739bf408939ca6c9b91afb
L4_D64,apple_cpu_16,16,0,0.08417404099998294,0.08165699999995013,0.000941000000011627,cec1ab7db8312d5c3143c1e1d9bb705243431baa82130df3270354a451f19748,aa10a73b17fb31b0b24e03966157d83f2cf654ea62739bf408939ca6c9b91afb
L4_D64,apple_cpu_16,16,1,0.08274641700006669,0.07992899999999281,0.0009499999999889042,cec1ab7db8312d5c3143c1e1d9bb705243431baa82130df3270354a451f19748,aa10a73b17fb31b0b24e03966157d83f2cf654ea62739bf408939ca6c9b91afb
L4_D64,apple_cpu_16,16,2,0.08084454199990887,0.07814699999994446,0.0009170000000722212,cec1ab7db8312d5c3143c1e1d9bb705243431baa82130df3270354a451f19748,aa10a73b17fb31b0b24e03966157d83f2cf654ea62739bf408939ca6c9b91afb
L4_D64,apple_cpu_16,16,3,0.07978404200002842,0.0769230000000789,0.0009299999999257125,cec1ab7db8312d5c3143c1e1d9bb705243431baa82130df3270354a451f19748,aa10a73b17fb31b0b24e03966157d83f2cf654ea62739bf408939ca6c9b91afb
L4_D64,apple_cpu_16,16,4,0.08405654200009849,0.08132999999997992,0.0009290000000419241,cec1ab7db8312d5c3143c1e1d9bb705243431baa82130df3270354a451f19748,aa10a73b17fb31b0b24e03966157d83f2cf654ea62739bf408939ca6c9b91afb
L4_D64,apple_mps,16,0,0.04623929199999566,0.043101999999976215,0.0010720000000219443,04bae4dba710e1c4c361f42b80b0107be234999c6113f6bcc66f909db668b266,4b41cd4c51ff0b3879e701a7371f521f0916144ee474fcae3faa2fce1f6f9b5b
L4_D64,apple_mps,16,1,0.04573216699998284,0.04287500000009459,0.0009329999999181382,04bae4dba710e1c4c361f42b80b0107be234999c6113f6bcc66f909db668b266,4b41cd4c51ff0b3879e701a7371f521f0916144ee474fcae3faa2fce1f6f9b5b
L4_D64,apple_mps,16,2,0.04564545799996722,0.04285499999991771,0.0009150000000772707,04bae4dba710e1c4c361f42b80b0107be234999c6113f6bcc66f909db668b266,4b41cd4c51ff0b3879e701a7371f521f0916144ee474fcae3faa2fce1f6f9b5b
L4_D64,apple_mps,16,3,0.045799666999982946,0.04304300000001149,0.0009260000000494983,04bae4dba710e1c4c361f42b80b0107be234999c6113f6bcc66f909db668b266,4b41cd4c51ff0b3879e701a7371f521f0916144ee474fcae3faa2fce1f6f9b5b
L4_D64,apple_mps,16,4,0.047224082999946404,0.04449899999997342,0.000937000000021726,04bae4dba710e1c4c361f42b80b0107be234999c6113f6bcc66f909db668b266,4b41cd4c51ff0b3879e701a7371f521f0916144ee474fcae3faa2fce1f6f9b5b
L4_D64,remote_fk_serial,1,0,8.79332702991087,8.789518374018371,0.0018756979843601584,54c509f0cedb3329e990d619ec812267ff186d97332d4fa474ade7e7c2b5a902,f719cbca1a886572a182c678fc1c5c94924ef306e423b2e24d7bcd03db658038
L4_D64,remote_fk_serial,1,1,8.754404228064232,8.752995915943757,0.0010851050028577447,54c509f0cedb3329e990d619ec812267ff186d97332d4fa474ade7e7c2b5a902,f719cbca1a886572a182c678fc1c5c94924ef306e423b2e24d7bcd03db658038
L4_D64,remote_fk_serial,1,2,8.761999759008177,8.760153226088732,0.001543594989925623,54c509f0cedb3329e990d619ec812267ff186d97332d4fa474ade7e7c2b5a902,f719cbca1a886572a182c678fc1c5c94924ef306e423b2e24d7bcd03db658038
L4_D64,remote_fk_serial,1,3,8.708891415968537,8.707057666033506,0.0015466109616681933,54c509f0cedb3329e990d619ec812267ff186d97332d4fa474ade7e7c2b5a902,f719cbca1a886572a182c678fc1c5c94924ef306e423b2e24d7bcd03db658038
L4_D64,remote_fk_serial,1,4,8.494548373972066,8.492681432981044,0.001562880934216082,54c509f0cedb3329e990d619ec812267ff186d97332d4fa474ade7e7c2b5a902,f719cbca1a886572a182c678fc1c5c94924ef306e423b2e24d7bcd03db658038
L4_D64,remote_fk_openmp,32,0,0.6824326310306787,0.6806985290022567,0.0015120760072022676,54c509f0cedb3329e990d619ec812267ff186d97332d4fa474ade7e7c2b5a902,f719cbca1a886572a182c678fc1c5c94924ef306e423b2e24d7bcd03db658038
L4_D64,remote_fk_openmp,32,1,0.6360759560484439,0.6343475260073319,0.0014009970473125577,54c509f0cedb3329e990d619ec812267ff186d97332d4fa474ade7e7c2b5a902,f719cbca1a886572a182c678fc1c5c94924ef306e423b2e24d7bcd03db658038
L4_D64,remote_fk_openmp,32,2,0.62829692394007,0.6264719309983775,0.0015491959638893604,54c509f0cedb3329e990d619ec812267ff186d97332d4fa474ade7e7c2b5a902,f719cbca1a886572a182c678fc1c5c94924ef306e423b2e24d7bcd03db658038
L4_D64,remote_fk_openmp,32,3,0.585783397895284,0.584285669028759,0.0012825758894905448,54c509f0cedb3329e990d619ec812267ff186d97332d4fa474ade7e7c2b5a902,f719cbca1a886572a182c678fc1c5c94924ef306e423b2e24d7bcd03db658038
L4_D64,remote_fk_openmp,32,4,0.5959489900851622,0.594434458995238,0.001268679043278098,54c509f0cedb3329e990d619ec812267ff186d97332d4fa474ade7e7c2b5a902,f719cbca1a886572a182c678fc1c5c94924ef306e423b2e24d7bcd03db658038
L4_D64,remote_cpu_1,1,0,6.319531193003058,6.303784621995874,0.006175582064315677,d98c3a1bd531c309d757e2a9830a27c0fd7e1b10ac24d2332ec35d7ab2a0241f,6bde58852eb882f0db45817279c8f98e8d9071492964f928cf75f99e8ce1a57f
L4_D64,remote_cpu_1,1,1,5.883758364012465,5.869667534017935,0.003836076008155942,d98c3a1bd531c309d757e2a9830a27c0fd7e1b10ac24d2332ec35d7ab2a0241f,6bde58852eb882f0db45817279c8f98e8d9071492964f928cf75f99e8ce1a57f
L4_D64,remote_cpu_1,1,2,5.9606623389991,5.948063177987933,0.0037863219622522593,d98c3a1bd531c309d757e2a9830a27c0fd7e1b10ac24d2332ec35d7ab2a0241f,6bde58852eb882f0db45817279c8f98e8d9071492964f928cf75f99e8ce1a57f
L4_D64,remote_cpu_1,1,3,5.905938317999244,5.897191811935045,0.00299760396592319,d98c3a1bd531c309d757e2a9830a27c0fd7e1b10ac24d2332ec35d7ab2a0241f,6bde58852eb882f0db45817279c8f98e8d9071492964f928cf75f99e8ce1a57f
L4_D64,remote_cpu_1,1,4,5.998205466894433,5.988136049010791,0.0025701019912958145,d98c3a1bd531c309d757e2a9830a27c0fd7e1b10ac24d2332ec35d7ab2a0241f,6bde58852eb882f0db45817279c8f98e8d9071492964f928cf75f99e8ce1a57f
L4_D64,remote_cpu_32,32,0,0.48903111508116126,0.4759701560251415,0.0036061640130355954,d98c3a1bd531c309d757e2a9830a27c0fd7e1b10ac24d2332ec35d7ab2a0241f,6bde58852eb882f0db45817279c8f98e8d9071492964f928cf75f99e8ce1a57f
L4_D64,remote_cpu_32,32,1,0.4832149129360914,0.4741895979968831,0.0028614549664780498,d98c3a1bd531c309d757e2a9830a27c0fd7e1b10ac24d2332ec35d7ab2a0241f,6bde58852eb882f0db45817279c8f98e8d9071492964f928cf75f99e8ce1a57f
L4_D64,remote_cpu_32,32,2,0.5035834019072354,0.4943512389436364,0.002963338978588581,d98c3a1bd531c309d757e2a9830a27c0fd7e1b10ac24d2332ec35d7ab2a0241f,6bde58852eb882f0db45817279c8f98e8d9071492964f928cf75f99e8ce1a57f
L4_D64,remote_cpu_32,32,3,0.49496092495974153,0.48468537209555507,0.003939719987101853,d98c3a1bd531c309d757e2a9830a27c0fd7e1b10ac24d2332ec35d7ab2a0241f,6bde58852eb882f0db45817279c8f98e8d9071492964f928cf75f99e8ce1a57f
L4_D64,remote_cpu_32,32,4,0.4860504219541326,0.47702287894207984,0.003305410034954548,d98c3a1bd531c309d757e2a9830a27c0fd7e1b10ac24d2332ec35d7ab2a0241f,6bde58852eb882f0db45817279c8f98e8d9071492964f928cf75f99e8ce1a57f
L4_D64,rtx5090,32,0,0.30130941595416516,0.290116642951034,0.002856628969311714,09d424a6aa8471d068d7958e886a1db6d6e8e2a47297caf91c39df7b818f1329,2aca13e2783903b36ea9c5ba12c98a754de9b8d82f4be73d17a879701d15b908
L4_D64,rtx5090,32,1,0.2875060560181737,0.27863818500190973,0.0022643270203843713,09d424a6aa8471d068d7958e886a1db6d6e8e2a47297caf91c39df7b818f1329,2aca13e2783903b36ea9c5ba12c98a754de9b8d82f4be73d17a879701d15b908
L4_D64,rtx5090,32,2,0.3056102830450982,0.2926208599237725,0.004353162948973477,09d424a6aa8471d068d7958e886a1db6d6e8e2a47297caf91c39df7b818f1329,2aca13e2783903b36ea9c5ba12c98a754de9b8d82f4be73d17a879701d15b908
L4_D64,rtx5090,32,3,0.29989129304885864,0.28958807210437953,0.00412017700728029,09d424a6aa8471d068d7958e886a1db6d6e8e2a47297caf91c39df7b818f1329,2aca13e2783903b36ea9c5ba12c98a754de9b8d82f4be73d17a879701d15b908
L4_D64,rtx5090,32,4,0.29411685990635306,0.2832375490106642,0.0032357799354940653,09d424a6aa8471d068d7958e886a1db6d6e8e2a47297caf91c39df7b818f1329,2aca13e2783903b36ea9c5ba12c98a754de9b8d82f4be73d17a879701d15b908
L4_D256,apple_fk_serial,1,0,3.416232165999986,3.414307000000008,0.0018411670000659797,eee2f724dfa1366c6bbe9de0aba97157e47822724ddb2f782870f80ea158ce5e,a7442d86ca70bb486b4b9e5073efeb1c3d17a960ea65671737d2ac6e9093acb8
L4_D256,apple_fk_serial,1,1,3.4098234159999947,3.4079650410000113,0.001754458000050363,eee2f724dfa1366c6bbe9de0aba97157e47822724ddb2f782870f80ea158ce5e,a7442d86ca70bb486b4b9e5073efeb1c3d17a960ea65671737d2ac6e9093acb8
L4_D256,apple_fk_serial,1,2,3.4251005419999956,3.4233358750000207,0.00167274999989786,eee2f724dfa1366c6bbe9de0aba97157e47822724ddb2f782870f80ea158ce5e,a7442d86ca70bb486b4b9e5073efeb1c3d17a960ea65671737d2ac6e9093acb8
L4_D256,apple_fk_serial,1,3,3.4146410829999922,3.412743207999938,0.0018030420000059166,eee2f724dfa1366c6bbe9de0aba97157e47822724ddb2f782870f80ea158ce5e,a7442d86ca70bb486b4b9e5073efeb1c3d17a960ea65671737d2ac6e9093acb8
L4_D256,apple_fk_serial,1,4,3.4080579999999827,3.4062384590000647,0.0016871249999894644,eee2f724dfa1366c6bbe9de0aba97157e47822724ddb2f782870f80ea158ce5e,a7442d86ca70bb486b4b9e5073efeb1c3d17a960ea65671737d2ac6e9093acb8
L4_D256,apple_fk_openmp,16,0,0.28923470800009454,0.28726895800002694,0.0018707909999875483,eee2f724dfa1366c6bbe9de0aba97157e47822724ddb2f782870f80ea158ce5e,a7442d86ca70bb486b4b9e5073efeb1c3d17a960ea65671737d2ac6e9093acb8
L4_D256,apple_fk_openmp,16,1,0.28792041700000937,0.28549499999996897,0.0023276250000208165,eee2f724dfa1366c6bbe9de0aba97157e47822724ddb2f782870f80ea158ce5e,a7442d86ca70bb486b4b9e5073efeb1c3d17a960ea65671737d2ac6e9093acb8
L4_D256,apple_fk_openmp,16,2,0.28927166599999055,0.2875061669999468,0.0016748339999139716,eee2f724dfa1366c6bbe9de0aba97157e47822724ddb2f782870f80ea158ce5e,a7442d86ca70bb486b4b9e5073efeb1c3d17a960ea65671737d2ac6e9093acb8
L4_D256,apple_fk_openmp,16,3,0.2922008340000275,0.2903851250000571,0.0017158749999452994,eee2f724dfa1366c6bbe9de0aba97157e47822724ddb2f782870f80ea158ce5e,a7442d86ca70bb486b4b9e5073efeb1c3d17a960ea65671737d2ac6e9093acb8
L4_D256,apple_fk_openmp,16,4,0.34094233400003304,0.33911841600001935,0.0017307499999787979,eee2f724dfa1366c6bbe9de0aba97157e47822724ddb2f782870f80ea158ce5e,a7442d86ca70bb486b4b9e5073efeb1c3d17a960ea65671737d2ac6e9093acb8
L4_D256,apple_cpu_1,1,0,2.897962792000044,2.8895410000000084,0.0037620000000515574,f340ae5c54081a651498259d5a487b1c4c05186b8f46257c7f550902ac4738a6,7ccbaf259c479670d3c22253b9f888c79ee2c7359e2e1ce99a3cdf2c0dad0bc6
L4_D256,apple_cpu_1,1,1,2.8976515839999593,2.88752199999999,0.004221000000029562,f340ae5c54081a651498259d5a487b1c4c05186b8f46257c7f550902ac4738a6,7ccbaf259c479670d3c22253b9f888c79ee2c7359e2e1ce99a3cdf2c0dad0bc6
L4_D256,apple_cpu_1,1,2,2.8929242080000677,2.884448999999904,0.0038410000000794753,f340ae5c54081a651498259d5a487b1c4c05186b8f46257c7f550902ac4738a6,7ccbaf259c479670d3c22253b9f888c79ee2c7359e2e1ce99a3cdf2c0dad0bc6
L4_D256,apple_cpu_1,1,3,2.8900963749999846,2.8816300000000865,0.0037949999999682404,f340ae5c54081a651498259d5a487b1c4c05186b8f46257c7f550902ac4738a6,7ccbaf259c479670d3c22253b9f888c79ee2c7359e2e1ce99a3cdf2c0dad0bc6
L4_D256,apple_cpu_1,1,4,2.8975446249999095,2.889161999999942,0.003734000000008564,f340ae5c54081a651498259d5a487b1c4c05186b8f46257c7f550902ac4738a6,7ccbaf259c479670d3c22253b9f888c79ee2c7359e2e1ce99a3cdf2c0dad0bc6
L4_D256,apple_cpu_16,16,0,0.24798620900003243,0.23959899999999834,0.0037460000000919536,f340ae5c54081a651498259d5a487b1c4c05186b8f46257c7f550902ac4738a6,7ccbaf259c479670d3c22253b9f888c79ee2c7359e2e1ce99a3cdf2c0dad0bc6
L4_D256,apple_cpu_16,16,1,0.24623274999999012,0.2380279999999857,0.003848000000061802,f340ae5c54081a651498259d5a487b1c4c05186b8f46257c7f550902ac4738a6,7ccbaf259c479670d3c22253b9f888c79ee2c7359e2e1ce99a3cdf2c0dad0bc6
L4_D256,apple_cpu_16,16,2,0.24971741699994254,0.24119200000006913,0.0037360000000035143,f340ae5c54081a651498259d5a487b1c4c05186b8f46257c7f550902ac4738a6,7ccbaf259c479670d3c22253b9f888c79ee2c7359e2e1ce99a3cdf2c0dad0bc6
L4_D256,apple_cpu_16,16,3,0.2508756250000488,0.24239699999998265,0.003796999999963191,f340ae5c54081a651498259d5a487b1c4c05186b8f46257c7f550902ac4738a6,7ccbaf259c479670d3c22253b9f888c79ee2c7359e2e1ce99a3cdf2c0dad0bc6
L4_D256,apple_cpu_16,16,4,0.2458032079999839,0.2373929999999973,0.0037439999999833162,f340ae5c54081a651498259d5a487b1c4c05186b8f46257c7f550902ac4738a6,7ccbaf259c479670d3c22253b9f888c79ee2c7359e2e1ce99a3cdf2c0dad0bc6
L4_D256,apple_mps,16,0,0.08034216600003674,0.07024599999999737,0.004266000000029635,f8a9faa4e27fed6b1592d1814dd07530df790d839428080b9af69ea2945c18c2,d6a38c9bdf8f3548127ee5de5f3e33e625e264d6a31d48f09d3c2e291d3eefa0
L4_D256,apple_mps,16,1,0.08247008300008929,0.07380599999999049,0.0038759999999911088,f8a9faa4e27fed6b1592d1814dd07530df790d839428080b9af69ea2945c18c2,d6a38c9bdf8f3548127ee5de5f3e33e625e264d6a31d48f09d3c2e291d3eefa0
L4_D256,apple_mps,16,2,0.08077737500002513,0.07231200000001081,0.0038030000000617292,f8a9faa4e27fed6b1592d1814dd07530df790d839428080b9af69ea2945c18c2,d6a38c9bdf8f3548127ee5de5f3e33e625e264d6a31d48f09d3c2e291d3eefa0
L4_D256,apple_mps,16,3,0.07927008299998306,0.07082500000001346,0.0037540000000717555,f8a9faa4e27fed6b1592d1814dd07530df790d839428080b9af69ea2945c18c2,d6a38c9bdf8f3548127ee5de5f3e33e625e264d6a31d48f09d3c2e291d3eefa0
L4_D256,apple_mps,16,4,0.08145549999994728,0.07280299999990802,0.003933000000074571,f8a9faa4e27fed6b1592d1814dd07530df790d839428080b9af69ea2945c18c2,d6a38c9bdf8f3548127ee5de5f3e33e625e264d6a31d48f09d3c2e291d3eefa0
L4_D256,remote_fk_serial,1,0,31.776189628988504,31.769220123067498,0.004819141933694482,460f6772a61547ca23d9bce96fd18e725632fb44a04b0fa4c7502e9c272c8bfb,f875fa7cc782f35ffcf335ed2bdd7367a9169cfee078c40a356c155e87d17d36
L4_D256,remote_fk_serial,1,1,32.0902621219866,32.084185644984245,0.005734415026381612,460f6772a61547ca23d9bce96fd18e725632fb44a04b0fa4c7502e9c272c8bfb,f875fa7cc782f35ffcf335ed2bdd7367a9169cfee078c40a356c155e87d17d36
L4_D256,remote_fk_serial,1,2,33.209702864987776,33.20370788301807,0.005682055023498833,460f6772a61547ca23d9bce96fd18e725632fb44a04b0fa4c7502e9c272c8bfb,f875fa7cc782f35ffcf335ed2bdd7367a9169cfee078c40a356c155e87d17d36
L4_D256,remote_fk_serial,1,3,32.162940315087326,32.15700913197361,0.005613264977000654,460f6772a61547ca23d9bce96fd18e725632fb44a04b0fa4c7502e9c272c8bfb,f875fa7cc782f35ffcf335ed2bdd7367a9169cfee078c40a356c155e87d17d36
L4_D256,remote_fk_serial,1,4,32.563607545918785,32.5593134930823,0.003963352995924652,460f6772a61547ca23d9bce96fd18e725632fb44a04b0fa4c7502e9c272c8bfb,f875fa7cc782f35ffcf335ed2bdd7367a9169cfee078c40a356c155e87d17d36
L4_D256,remote_fk_openmp,32,0,2.0227665989659727,2.017677730997093,0.004785539931617677,460f6772a61547ca23d9bce96fd18e725632fb44a04b0fa4c7502e9c272c8bfb,f875fa7cc782f35ffcf335ed2bdd7367a9169cfee078c40a356c155e87d17d36
L4_D256,remote_fk_openmp,32,1,2.0963953559985384,2.090171843999997,0.005865390063263476,460f6772a61547ca23d9bce96fd18e725632fb44a04b0fa4c7502e9c272c8bfb,f875fa7cc782f35ffcf335ed2bdd7367a9169cfee078c40a356c155e87d17d36
L4_D256,remote_fk_openmp,32,2,2.1057773829670623,2.099492979934439,0.005940929055213928,460f6772a61547ca23d9bce96fd18e725632fb44a04b0fa4c7502e9c272c8bfb,f875fa7cc782f35ffcf335ed2bdd7367a9169cfee078c40a356c155e87d17d36
L4_D256,remote_fk_openmp,32,3,2.2035041640046984,2.1972773380111903,0.0058571030385792255,460f6772a61547ca23d9bce96fd18e725632fb44a04b0fa4c7502e9c272c8bfb,f875fa7cc782f35ffcf335ed2bdd7367a9169cfee078c40a356c155e87d17d36
L4_D256,remote_fk_openmp,32,4,2.120358375017531,2.1130269248969853,0.006996954092755914,460f6772a61547ca23d9bce96fd18e725632fb44a04b0fa4c7502e9c272c8bfb,f875fa7cc782f35ffcf335ed2bdd7367a9169cfee078c40a356c155e87d17d36
L4_D256,remote_cpu_1,1,0,17.642433478031307,17.570895433076657,0.03017734200693667,194063b70c5b94d2522ad916080c596959ef8a6d3a315c6dfde935bb1e55ac06,924b73e3ad743e84a92eb42699cb59db856f76cabcd02cc8383eb9a3275e2939
L4_D256,remote_cpu_1,1,1,16.607887353980914,16.55572760500945,0.01754254603292793,194063b70c5b94d2522ad916080c596959ef8a6d3a315c6dfde935bb1e55ac06,924b73e3ad743e84a92eb42699cb59db856f76cabcd02cc8383eb9a3275e2939
L4_D256,remote_cpu_1,1,2,15.778914664988406,15.737867261981592,0.013144844910129905,194063b70c5b94d2522ad916080c596959ef8a6d3a315c6dfde935bb1e55ac06,924b73e3ad743e84a92eb42699cb59db856f76cabcd02cc8383eb9a3275e2939
L4_D256,remote_cpu_1,1,3,18.20085960405413,18.16472030407749,0.01546889403834939,194063b70c5b94d2522ad916080c596959ef8a6d3a315c6dfde935bb1e55ac06,924b73e3ad743e84a92eb42699cb59db856f76cabcd02cc8383eb9a3275e2939
L4_D256,remote_cpu_1,1,4,18.22157531103585,18.18978476000484,0.013297180994413793,194063b70c5b94d2522ad916080c596959ef8a6d3a315c6dfde935bb1e55ac06,924b73e3ad743e84a92eb42699cb59db856f76cabcd02cc8383eb9a3275e2939
L4_D256,remote_cpu_32,32,0,1.426311483955942,1.3737956139957532,0.014520161901600659,194063b70c5b94d2522ad916080c596959ef8a6d3a315c6dfde935bb1e55ac06,924b73e3ad743e84a92eb42699cb59db856f76cabcd02cc8383eb9a3275e2939
L4_D256,remote_cpu_32,32,1,1.3409940459532663,1.3039082339964807,0.015472742030397058,194063b70c5b94d2522ad916080c596959ef8a6d3a315c6dfde935bb1e55ac06,924b73e3ad743e84a92eb42699cb59db856f76cabcd02cc8383eb9a3275e2939
L4_D256,remote_cpu_32,32,2,1.352465919102542,1.3165384799940512,0.014809475978836417,194063b70c5b94d2522ad916080c596959ef8a6d3a315c6dfde935bb1e55ac06,924b73e3ad743e84a92eb42699cb59db856f76cabcd02cc8383eb9a3275e2939
L4_D256,remote_cpu_32,32,3,1.3337318280246109,1.2941468239296228,0.018395864055491984,194063b70c5b94d2522ad916080c596959ef8a6d3a315c6dfde935bb1e55ac06,924b73e3ad743e84a92eb42699cb59db856f76cabcd02cc8383eb9a3275e2939
L4_D256,remote_cpu_32,32,4,1.325024783029221,1.2897074950160459,0.015077235992066562,194063b70c5b94d2522ad916080c596959ef8a6d3a315c6dfde935bb1e55ac06,924b73e3ad743e84a92eb42699cb59db856f76cabcd02cc8383eb9a3275e2939
L4_D256,rtx5090,32,0,0.8013281500898302,0.7499474530341104,0.01699085591826588,0c9c21971ceadf3d6e8e30945ee6ba90d4b221b8a23304429cac126a73f0e52b,ac40e8b51c706ba3c34e659d8d4dbc9ba39569e49a2b588de12cc37d935b77a5
L4_D256,rtx5090,32,1,0.7255867950152606,0.690324004041031,0.013671361957676709,0c9c21971ceadf3d6e8e30945ee6ba90d4b221b8a23304429cac126a73f0e52b,ac40e8b51c706ba3c34e659d8d4dbc9ba39569e49a2b588de12cc37d935b77a5
L4_D256,rtx5090,32,2,0.7387190660228953,0.7052206100197509,0.013850898016244173,0c9c21971ceadf3d6e8e30945ee6ba90d4b221b8a23304429cac126a73f0e52b,ac40e8b51c706ba3c34e659d8d4dbc9ba39569e49a2b588de12cc37d935b77a5
L4_D256,rtx5090,32,3,0.7365346200531349,0.6994933120440692,0.016386025003157556,0c9c21971ceadf3d6e8e30945ee6ba90d4b221b8a23304429cac126a73f0e52b,ac40e8b51c706ba3c34e659d8d4dbc9ba39569e49a2b588de12cc37d935b77a5
L4_D256,rtx5090,32,4,0.7435879030963406,0.7077788969036192,0.01372511894442141,0c9c21971ceadf3d6e8e30945ee6ba90d4b221b8a23304429cac126a73f0e52b,ac40e8b51c706ba3c34e659d8d4dbc9ba39569e49a2b588de12cc37d935b77a5
L8_D64,apple_fk_serial,1,0,1.0506705000000238,1.0500935419998996,0.0004948330000615897,2d598cb9ec3484e1f315f645502ccb1301cbaaa5ee6a749676ff51345bb953db,f2a7056ddd05df92f326bba1dfc074d9cbd00d1ed7f16eadea6181b908d55bfa
L8_D64,apple_fk_serial,1,1,1.0472005830000626,1.0466463749999093,0.00047854100000677136,2d598cb9ec3484e1f315f645502ccb1301cbaaa5ee6a749676ff51345bb953db,f2a7056ddd05df92f326bba1dfc074d9cbd00d1ed7f16eadea6181b908d55bfa
L8_D64,apple_fk_serial,1,2,1.0518142079999961,1.0504098339999928,0.0013265000000046712,2d598cb9ec3484e1f315f645502ccb1301cbaaa5ee6a749676ff51345bb953db,f2a7056ddd05df92f326bba1dfc074d9cbd00d1ed7f16eadea6181b908d55bfa
L8_D64,apple_fk_serial,1,3,1.046036791000006,1.0454569579999315,0.0004991249999193315,2d598cb9ec3484e1f315f645502ccb1301cbaaa5ee6a749676ff51345bb953db,f2a7056ddd05df92f326bba1dfc074d9cbd00d1ed7f16eadea6181b908d55bfa
L8_D64,apple_fk_serial,1,4,1.038820792000024,1.0382582910000338,0.00048445799995988637,2d598cb9ec3484e1f315f645502ccb1301cbaaa5ee6a749676ff51345bb953db,f2a7056ddd05df92f326bba1dfc074d9cbd00d1ed7f16eadea6181b908d55bfa
L8_D64,apple_fk_openmp,16,0,0.08594283399997948,0.0853940419999617,0.00046254199992290523,2d598cb9ec3484e1f315f645502ccb1301cbaaa5ee6a749676ff51345bb953db,f2a7056ddd05df92f326bba1dfc074d9cbd00d1ed7f16eadea6181b908d55bfa
L8_D64,apple_fk_openmp,16,1,0.0861489999999776,0.08561625000004369,0.0004526660000010452,2d598cb9ec3484e1f315f645502ccb1301cbaaa5ee6a749676ff51345bb953db,f2a7056ddd05df92f326bba1dfc074d9cbd00d1ed7f16eadea6181b908d55bfa
L8_D64,apple_fk_openmp,16,2,0.0868327919999956,0.08627962500008834,0.00047495799992702814,2d598cb9ec3484e1f315f645502ccb1301cbaaa5ee6a749676ff51345bb953db,f2a7056ddd05df92f326bba1dfc074d9cbd00d1ed7f16eadea6181b908d55bfa
L8_D64,apple_fk_openmp,16,3,0.08739304200003062,0.08682275000001027,0.000488749999931315,2d598cb9ec3484e1f315f645502ccb1301cbaaa5ee6a749676ff51345bb953db,f2a7056ddd05df92f326bba1dfc074d9cbd00d1ed7f16eadea6181b908d55bfa
L8_D64,apple_fk_openmp,16,4,0.09038754199991672,0.08982858299998497,0.0004784159999644544,2d598cb9ec3484e1f315f645502ccb1301cbaaa5ee6a749676ff51345bb953db,f2a7056ddd05df92f326bba1dfc074d9cbd00d1ed7f16eadea6181b908d55bfa
L8_D64,apple_cpu_1,1,0,1.226020415999983,1.2229750000000195,0.0009609999999611318,211accf21e2f81c1c5c8cf35104cc033235b2bc9da7ccfc03a4157aadecfa366,0e6eb205e36cf52bb7b5d87e909c66f9687079f9b36fe415f1138a1cfc058657
L8_D64,apple_cpu_1,1,1,1.2252450419999832,1.221926999999937,0.001100000000064938,211accf21e2f81c1c5c8cf35104cc033235b2bc9da7ccfc03a4157aadecfa366,0e6eb205e36cf52bb7b5d87e909c66f9687079f9b36fe415f1138a1cfc058657
L8_D64,apple_cpu_1,1,2,1.2222656249999773,1.2193059999999605,0.0009420000000091022,211accf21e2f81c1c5c8cf35104cc033235b2bc9da7ccfc03a4157aadecfa366,0e6eb205e36cf52bb7b5d87e909c66f9687079f9b36fe415f1138a1cfc058657
L8_D64,apple_cpu_1,1,3,1.2228428749999694,1.2199170000000095,0.0009420000000091022,211accf21e2f81c1c5c8cf35104cc033235b2bc9da7ccfc03a4157aadecfa366,0e6eb205e36cf52bb7b5d87e909c66f9687079f9b36fe415f1138a1cfc058657
L8_D64,apple_cpu_1,1,4,1.2248881250000068,1.222016999999937,0.0009230000000570726,211accf21e2f81c1c5c8cf35104cc033235b2bc9da7ccfc03a4157aadecfa366,0e6eb205e36cf52bb7b5d87e909c66f9687079f9b36fe415f1138a1cfc058657
L8_D64,apple_cpu_16,16,0,0.10686329099996783,0.10414000000002943,0.0009399999999004649,211accf21e2f81c1c5c8cf35104cc033235b2bc9da7ccfc03a4157aadecfa366,0e6eb205e36cf52bb7b5d87e909c66f9687079f9b36fe415f1138a1cfc058657
L8_D64,apple_cpu_16,16,1,0.10649450000005345,0.10373600000002625,0.0009459999999990032,211accf21e2f81c1c5c8cf35104cc033235b2bc9da7ccfc03a4157aadecfa366,0e6eb205e36cf52bb7b5d87e909c66f9687079f9b36fe415f1138a1cfc058657
L8_D64,apple_cpu_16,16,2,0.1065156660000639,0.10383999999999105,0.0009320000000343498,211accf21e2f81c1c5c8cf35104cc033235b2bc9da7ccfc03a4157aadecfa366,0e6eb205e36cf52bb7b5d87e909c66f9687079f9b36fe415f1138a1cfc058657
L8_D64,apple_cpu_16,16,3,0.10291649999999208,0.0992589999999609,0.0010509999999612774,211accf21e2f81c1c5c8cf35104cc033235b2bc9da7ccfc03a4157aadecfa366,0e6eb205e36cf52bb7b5d87e909c66f9687079f9b36fe415f1138a1cfc058657
L8_D64,apple_cpu_16,16,4,0.10220745900005568,0.09944199999995362,0.0009229999999433858,211accf21e2f81c1c5c8cf35104cc033235b2bc9da7ccfc03a4157aadecfa366,0e6eb205e36cf52bb7b5d87e909c66f9687079f9b36fe415f1138a1cfc058657
L8_D64,apple_mps,16,0,0.07141341700003068,0.06825800000001436,0.0009170000000722212,9b1e9a942fe59dc4845bf8558f37d56c8b5801bf125680697f5e91efb9378bf0,6c93e740afc3e483aaa637d66af905acf089c0b0678171fef526042ac0af5513
L8_D64,apple_mps,16,1,0.07094583399998555,0.06802400000003672,0.0010069999999586798,9b1e9a942fe59dc4845bf8558f37d56c8b5801bf125680697f5e91efb9378bf0,6c93e740afc3e483aaa637d66af905acf089c0b0678171fef526042ac0af5513
L8_D64,apple_mps,16,2,0.07188570799996796,0.06915600000002087,0.0009259999999358115,9b1e9a942fe59dc4845bf8558f37d56c8b5801bf125680697f5e91efb9378bf0,6c93e740afc3e483aaa637d66af905acf089c0b0678171fef526042ac0af5513
L8_D64,apple_mps,16,3,0.07156333299997186,0.06855699999994158,0.001036999999996624,9b1e9a942fe59dc4845bf8558f37d56c8b5801bf125680697f5e91efb9378bf0,6c93e740afc3e483aaa637d66af905acf089c0b0678171fef526042ac0af5513
L8_D64,apple_mps,16,4,0.07136158399998749,0.06854800000007799,0.0009469999999964784,9b1e9a942fe59dc4845bf8558f37d56c8b5801bf125680697f5e91efb9378bf0,6c93e740afc3e483aaa637d66af905acf089c0b0678171fef526042ac0af5513
L8_D64,remote_fk_serial,1,0,9.230819151038304,9.229378659045324,0.0011626799823716283,00210511f67c677cdb157fd7d597043afe64ce48a62d8b31d7438becec63c638,29cc021376c2eb128bdb1275afd33a9f1bfedee4e3004c9cdae72335e8ec784f
L8_D64,remote_fk_serial,1,1,9.215045264922082,9.21288154902868,0.0019116629846394062,00210511f67c677cdb157fd7d597043afe64ce48a62d8b31d7438becec63c638,29cc021376c2eb128bdb1275afd33a9f1bfedee4e3004c9cdae72335e8ec784f
L8_D64,remote_fk_serial,1,2,9.03350317501463,9.031634129001759,0.001572891022078693,00210511f67c677cdb157fd7d597043afe64ce48a62d8b31d7438becec63c638,29cc021376c2eb128bdb1275afd33a9f1bfedee4e3004c9cdae72335e8ec784f
L8_D64,remote_fk_serial,1,3,9.207745969062671,9.20588481798768,0.0015616189921274781,00210511f67c677cdb157fd7d597043afe64ce48a62d8b31d7438becec63c638,29cc021376c2eb128bdb1275afd33a9f1bfedee4e3004c9cdae72335e8ec784f
L8_D64,remote_fk_serial,1,4,10.082947769085877,10.080953469034284,0.001682605012319982,00210511f67c677cdb157fd7d597043afe64ce48a62d8b31d7438becec63c638,29cc021376c2eb128bdb1275afd33a9f1bfedee4e3004c9cdae72335e8ec784f
L8_D64,remote_fk_openmp,32,0,0.6697795470245183,0.6680484199896455,0.001529357978142798,00210511f67c677cdb157fd7d597043afe64ce48a62d8b31d7438becec63c638,29cc021376c2eb128bdb1275afd33a9f1bfedee4e3004c9cdae72335e8ec784f
L8_D64,remote_fk_openmp,32,1,0.7310442270245403,0.7287713360274211,0.0019152399618178606,00210511f67c677cdb157fd7d597043afe64ce48a62d8b31d7438becec63c638,29cc021376c2eb128bdb1275afd33a9f1bfedee4e3004c9cdae72335e8ec784f
L8_D64,remote_fk_openmp,32,2,0.6751393830636516,0.6731442110612988,0.0017723740311339498,00210511f67c677cdb157fd7d597043afe64ce48a62d8b31d7438becec63c638,29cc021376c2eb128bdb1275afd33a9f1bfedee4e3004c9cdae72335e8ec784f
L8_D64,remote_fk_openmp,32,3,0.6382303659338504,0.6364454189315438,0.0015654360176995397,00210511f67c677cdb157fd7d597043afe64ce48a62d8b31d7438becec63c638,29cc021376c2eb128bdb1275afd33a9f1bfedee4e3004c9cdae72335e8ec784f
L8_D64,remote_fk_openmp,32,4,0.7023301599547267,0.7004947069799528,0.0015563289634883404,00210511f67c677cdb157fd7d597043afe64ce48a62d8b31d7438becec63c638,29cc021376c2eb128bdb1275afd33a9f1bfedee4e3004c9cdae72335e8ec784f
L8_D64,remote_cpu_1,1,0,6.757008161046542,6.748320727027021,0.0029940460808575153,cb1ad7494ff26cb5a86fefd68efcafe5e9f291767981c9eeeae3d2aec2b70817,3f0ba9e9c31d26ee023bae19f74245e4fef309c72b6aacdb38dd5339594e477c
L8_D64,remote_cpu_1,1,1,7.114398670033552,7.102742164977826,0.0037132909055799246,cb1ad7494ff26cb5a86fefd68efcafe5e9f291767981c9eeeae3d2aec2b70817,3f0ba9e9c31d26ee023bae19f74245e4fef309c72b6aacdb38dd5339594e477c
L8_D64,remote_cpu_1,1,2,7.149636100046337,7.1380807410459965,0.00441996892914176,cb1ad7494ff26cb5a86fefd68efcafe5e9f291767981c9eeeae3d2aec2b70817,3f0ba9e9c31d26ee023bae19f74245e4fef309c72b6aacdb38dd5339594e477c
L8_D64,remote_cpu_1,1,3,7.16104441601783,7.150052773067728,0.0045810420997440815,cb1ad7494ff26cb5a86fefd68efcafe5e9f291767981c9eeeae3d2aec2b70817,3f0ba9e9c31d26ee023bae19f74245e4fef309c72b6aacdb38dd5339594e477c
L8_D64,remote_cpu_1,1,4,6.943731260020286,6.9336109679425135,0.003568788059055805,cb1ad7494ff26cb5a86fefd68efcafe5e9f291767981c9eeeae3d2aec2b70817,3f0ba9e9c31d26ee023bae19f74245e4fef309c72b6aacdb38dd5339594e477c
L8_D64,remote_cpu_32,32,0,0.596623177989386,0.5876626359531656,0.002936907927505672,cb1ad7494ff26cb5a86fefd68efcafe5e9f291767981c9eeeae3d2aec2b70817,3f0ba9e9c31d26ee023bae19f74245e4fef309c72b6aacdb38dd5339594e477c
L8_D64,remote_cpu_32,32,1,0.5593632010277361,0.5485881570493802,0.004465356003493071,cb1ad7494ff26cb5a86fefd68efcafe5e9f291767981c9eeeae3d2aec2b70817,3f0ba9e9c31d26ee023bae19f74245e4fef309c72b6aacdb38dd5339594e477c
L8_D64,remote_cpu_32,32,2,0.6022458940278739,0.5925164249492809,0.0033009119797497988,cb1ad7494ff26cb5a86fefd68efcafe5e9f291767981c9eeeae3d2aec2b70817,3f0ba9e9c31d26ee023bae19f74245e4fef309c72b6aacdb38dd5339594e477c
L8_D64,remote_cpu_32,32,3,0.6240720839705318,0.6134445619536564,0.003925087978132069,cb1ad7494ff26cb5a86fefd68efcafe5e9f291767981c9eeeae3d2aec2b70817,3f0ba9e9c31d26ee023bae19f74245e4fef309c72b6aacdb38dd5339594e477c
L8_D64,remote_cpu_32,32,4,0.5611749510280788,0.5510069240117446,0.0028039769968017936,cb1ad7494ff26cb5a86fefd68efcafe5e9f291767981c9eeeae3d2aec2b70817,3f0ba9e9c31d26ee023bae19f74245e4fef309c72b6aacdb38dd5339594e477c
L8_D64,rtx5090,32,0,0.4059068909846246,0.3927064730087295,0.004470354993827641,55ec61f1bf590962014f60a6f3fef2196ca4e034b7c658b73481bbade8a373f0,cd6ab23cbae64a841348093517a9f15a65af23f73f18e0ba36acea9560ef8128
L8_D64,rtx5090,32,1,0.4146044770022854,0.4052959439577535,0.002990228938870132,55ec61f1bf590962014f60a6f3fef2196ca4e034b7c658b73481bbade8a373f0,cd6ab23cbae64a841348093517a9f15a65af23f73f18e0ba36acea9560ef8128
L8_D64,rtx5090,32,2,0.420312070986256,0.4088586770230904,0.004305282956920564,55ec61f1bf590962014f60a6f3fef2196ca4e034b7c658b73481bbade8a373f0,cd6ab23cbae64a841348093517a9f15a65af23f73f18e0ba36acea9560ef8128
L8_D64,rtx5090,32,3,0.39816114003770053,0.38704166701063514,0.004366329056210816,55ec61f1bf590962014f60a6f3fef2196ca4e034b7c658b73481bbade8a373f0,cd6ab23cbae64a841348093517a9f15a65af23f73f18e0ba36acea9560ef8128
L8_D64,rtx5090,32,4,0.41836757806595415,0.4065995460841805,0.004454646026715636,55ec61f1bf590962014f60a6f3fef2196ca4e034b7c658b73481bbade8a373f0,cd6ab23cbae64a841348093517a9f15a65af23f73f18e0ba36acea9560ef8128
L16_D64,apple_fk_serial,1,0,1.2246167920000062,1.223989582999934,0.0005447500000173022,6756cbb63b5fe77447a75fd1ff4568a048592cd8fcd5e360d8ea16e45866171b,6d79ad4fc668e185cd7d9b558901fa79dd915833c1cac5eee288babae210247b
L16_D64,apple_fk_serial,1,1,1.2213219169999547,1.2207565830000249,0.00047420900000361144,6756cbb63b5fe77447a75fd1ff4568a048592cd8fcd5e360d8ea16e45866171b,6d79ad4fc668e185cd7d9b558901fa79dd915833c1cac5eee288babae210247b
L16_D64,apple_fk_serial,1,2,1.223113790999946,1.2224922499999593,0.0005406249999850843,6756cbb63b5fe77447a75fd1ff4568a048592cd8fcd5e360d8ea16e45866171b,6d79ad4fc668e185cd7d9b558901fa79dd915833c1cac5eee288babae210247b
L16_D64,apple_fk_serial,1,3,1.2220252089999804,1.2213372919999301,0.0006004589999974996,6756cbb63b5fe77447a75fd1ff4568a048592cd8fcd5e360d8ea16e45866171b,6d79ad4fc668e185cd7d9b558901fa79dd915833c1cac5eee288babae210247b
L16_D64,apple_fk_serial,1,4,1.2182377499999575,1.2176688749999585,0.00048524999999699503,6756cbb63b5fe77447a75fd1ff4568a048592cd8fcd5e360d8ea16e45866171b,6d79ad4fc668e185cd7d9b558901fa79dd915833c1cac5eee288babae210247b
L16_D64,apple_fk_openmp,16,0,0.10579812499997843,0.10521925000000465,0.0004939170000852755,6756cbb63b5fe77447a75fd1ff4568a048592cd8fcd5e360d8ea16e45866171b,6d79ad4fc668e185cd7d9b558901fa79dd915833c1cac5eee288babae210247b
L16_D64,apple_fk_openmp,16,1,0.10133791599992037,0.10077608300002794,0.00048087499999383,6756cbb63b5fe77447a75fd1ff4568a048592cd8fcd5e360d8ea16e45866171b,6d79ad4fc668e185cd7d9b558901fa79dd915833c1cac5eee288babae210247b
L16_D64,apple_fk_openmp,16,2,0.10335054200004379,0.10262445900002604,0.0006475829999317284,6756cbb63b5fe77447a75fd1ff4568a048592cd8fcd5e360d8ea16e45866171b,6d79ad4fc668e185cd7d9b558901fa79dd915833c1cac5eee288babae210247b
L16_D64,apple_fk_openmp,16,3,0.10417408299997533,0.10359508400006234,0.00048420799998893926,6756cbb63b5fe77447a75fd1ff4568a048592cd8fcd5e360d8ea16e45866171b,6d79ad4fc668e185cd7d9b558901fa79dd915833c1cac5eee288babae210247b
L16_D64,apple_fk_openmp,16,4,0.1008142499999849,0.1002814580000404,0.00045354199994562805,6756cbb63b5fe77447a75fd1ff4568a048592cd8fcd5e360d8ea16e45866171b,6d79ad4fc668e185cd7d9b558901fa79dd915833c1cac5eee288babae210247b
L16_D64,apple_cpu_1,1,0,1.779983457999947,1.7770999999999049,0.0009360000000242508,89c728d28826f1e1712c375163cad7ea76d8f9d3d9f53b8dd8af599c0fe86a4d,f9fe4da143497f56f386f0301670d20537a9b52274a067211a0155f216f8ebff
L16_D64,apple_cpu_1,1,1,1.7819923339999377,1.7786370000000034,0.001079000000004271,89c728d28826f1e1712c375163cad7ea76d8f9d3d9f53b8dd8af599c0fe86a4d,f9fe4da143497f56f386f0301670d20537a9b52274a067211a0155f216f8ebff
L16_D64,apple_cpu_1,1,2,1.781545250000022,1.7775320000000647,0.000979000000029373,89c728d28826f1e1712c375163cad7ea76d8f9d3d9f53b8dd8af599c0fe86a4d,f9fe4da143497f56f386f0301670d20537a9b52274a067211a0155f216f8ebff
L16_D64,apple_cpu_1,1,3,1.784088499999939,1.7812069999999949,0.0009280000000444488,89c728d28826f1e1712c375163cad7ea76d8f9d3d9f53b8dd8af599c0fe86a4d,f9fe4da143497f56f386f0301670d20537a9b52274a067211a0155f216f8ebff
L16_D64,apple_cpu_1,1,4,1.789455332999978,1.7864450000000716,0.000945000000001528,89c728d28826f1e1712c375163cad7ea76d8f9d3d9f53b8dd8af599c0fe86a4d,f9fe4da143497f56f386f0301670d20537a9b52274a067211a0155f216f8ebff
L16_D64,apple_cpu_16,16,0,0.15415387500001998,0.15137500000003,0.0009589999999661813,89c728d28826f1e1712c375163cad7ea76d8f9d3d9f53b8dd8af599c0fe86a4d,f9fe4da143497f56f386f0301670d20537a9b52274a067211a0155f216f8ebff
L16_D64,apple_cpu_16,16,1,0.15525195800000802,0.1526450000000068,0.0009289999999282372,89c728d28826f1e1712c375163cad7ea76d8f9d3d9f53b8dd8af599c0fe86a4d,f9fe4da143497f56f386f0301670d20537a9b52274a067211a0155f216f8ebff
L16_D64,apple_cpu_16,16,2,0.15627495800004,0.153451999999902,0.0009270000000469736,89c728d28826f1e1712c375163cad7ea76d8f9d3d9f53b8dd8af599c0fe86a4d,f9fe4da143497f56f386f0301670d20537a9b52274a067211a0155f216f8ebff
L16_D64,apple_cpu_16,16,3,0.15343770899994524,0.15041999999994005,0.0009430000000065775,89c728d28826f1e1712c375163cad7ea76d8f9d3d9f53b8dd8af599c0fe86a4d,f9fe4da143497f56f386f0301670d20537a9b52274a067211a0155f216f8ebff
L16_D64,apple_cpu_16,16,4,0.1538815840000325,0.15101300000003448,0.000965999999948508,89c728d28826f1e1712c375163cad7ea76d8f9d3d9f53b8dd8af599c0fe86a4d,f9fe4da143497f56f386f0301670d20537a9b52274a067211a0155f216f8ebff
L16_D64,apple_mps,16,0,0.12823879099994429,0.12526200000002063,0.0009420000000091022,9e9106c84ffda9c11350b7259f3872430d86e5db2ae671eef3f64898f8a52788,d926bb0411c9403d97f2acf2c9627aac1b3808d998d820b910f0b4b68a1518a8
L16_D64,apple_mps,16,1,0.12274708300003567,0.12019200000008823,0.0009469999999964784,9e9106c84ffda9c11350b7259f3872430d86e5db2ae671eef3f64898f8a52788,d926bb0411c9403d97f2acf2c9627aac1b3808d998d820b910f0b4b68a1518a8
L16_D64,apple_mps,16,2,0.12183279200007746,0.11906600000008893,0.0009219999999459105,9e9106c84ffda9c11350b7259f3872430d86e5db2ae671eef3f64898f8a52788,d926bb0411c9403d97f2acf2c9627aac1b3808d998d820b910f0b4b68a1518a8
L16_D64,apple_mps,16,3,0.12039891699998861,0.11754899999993995,0.000941000000011627,9e9106c84ffda9c11350b7259f3872430d86e5db2ae671eef3f64898f8a52788,d926bb0411c9403d97f2acf2c9627aac1b3808d998d820b910f0b4b68a1518a8
L16_D64,apple_mps,16,4,0.12549912500003302,0.12264100000004419,0.0009400000000141517,9e9106c84ffda9c11350b7259f3872430d86e5db2ae671eef3f64898f8a52788,d926bb0411c9403d97f2acf2c9627aac1b3808d998d820b910f0b4b68a1518a8
L16_D64,remote_fk_serial,1,0,10.029301336966455,10.027424326050095,0.0015624809311702847,dd2e7a6649905e9284deafedb2008e7c73d63f4e03f7295ede1e6e610f6cb9ec,0994d8be48dd67ee9ac03bc83f86dc1696904a39f5182cca9ee86ea011b02c41
L16_D64,remote_fk_serial,1,1,10.324370041955262,10.322617295081727,0.0015079069416970015,dd2e7a6649905e9284deafedb2008e7c73d63f4e03f7295ede1e6e610f6cb9ec,0994d8be48dd67ee9ac03bc83f86dc1696904a39f5182cca9ee86ea011b02c41
L16_D64,remote_fk_serial,1,2,10.232823018101044,10.230693272897042,0.001828709035180509,dd2e7a6649905e9284deafedb2008e7c73d63f4e03f7295ede1e6e610f6cb9ec,0994d8be48dd67ee9ac03bc83f86dc1696904a39f5182cca9ee86ea011b02c41
L16_D64,remote_fk_serial,1,3,10.221394303021953,10.219845728948712,0.0013026129454374313,dd2e7a6649905e9284deafedb2008e7c73d63f4e03f7295ede1e6e610f6cb9ec,0994d8be48dd67ee9ac03bc83f86dc1696904a39f5182cca9ee86ea011b02c41
L16_D64,remote_fk_serial,1,4,10.194166123052128,10.191979733062908,0.0019503480289131403,dd2e7a6649905e9284deafedb2008e7c73d63f4e03f7295ede1e6e610f6cb9ec,0994d8be48dd67ee9ac03bc83f86dc1696904a39f5182cca9ee86ea011b02c41
L16_D64,remote_fk_openmp,32,0,0.7362808979814872,0.7346700360067189,0.0012883360031992197,dd2e7a6649905e9284deafedb2008e7c73d63f4e03f7295ede1e6e610f6cb9ec,0994d8be48dd67ee9ac03bc83f86dc1696904a39f5182cca9ee86ea011b02c41
L16_D64,remote_fk_openmp,32,1,0.7588178830919787,0.7568080769851804,0.001671129954047501,dd2e7a6649905e9284deafedb2008e7c73d63f4e03f7295ede1e6e610f6cb9ec,0994d8be48dd67ee9ac03bc83f86dc1696904a39f5182cca9ee86ea011b02c41
L16_D64,remote_fk_openmp,32,2,0.7264257640345022,0.7246339429402724,0.0015402690041810274,dd2e7a6649905e9284deafedb2008e7c73d63f4e03f7295ede1e6e610f6cb9ec,0994d8be48dd67ee9ac03bc83f86dc1696904a39f5182cca9ee86ea011b02c41
L16_D64,remote_fk_openmp,32,3,0.7064442900009453,0.7047249759780243,0.0014847749844193459,dd2e7a6649905e9284deafedb2008e7c73d63f4e03f7295ede1e6e610f6cb9ec,0994d8be48dd67ee9ac03bc83f86dc1696904a39f5182cca9ee86ea011b02c41
L16_D64,remote_fk_openmp,32,4,0.7660150030860677,0.7642790080280975,0.0015146100195124745,dd2e7a6649905e9284deafedb2008e7c73d63f4e03f7295ede1e6e610f6cb9ec,0994d8be48dd67ee9ac03bc83f86dc1696904a39f5182cca9ee86ea011b02c41
L16_D64,remote_cpu_1,1,0,9.296487387968227,9.286603557993658,0.0029660260770469904,3159e3b1273e035b038b47c2b94fc6703ae1cea7d5f402b5e2c8dca16e3b97c1,252bfcd6b2d0c3fccbb710487ffbdad8c11b5a855e449a22d4aa457d647f0f7b
L16_D64,remote_cpu_1,1,1,9.174821084016003,9.165654301061295,0.0028196480125188828,3159e3b1273e035b038b47c2b94fc6703ae1cea7d5f402b5e2c8dca16e3b97c1,252bfcd6b2d0c3fccbb710487ffbdad8c11b5a855e449a22d4aa457d647f0f7b
L16_D64,remote_cpu_1,1,2,9.346747610950842,9.337068249005824,0.003268027910962701,3159e3b1273e035b038b47c2b94fc6703ae1cea7d5f402b5e2c8dca16e3b97c1,252bfcd6b2d0c3fccbb710487ffbdad8c11b5a855e449a22d4aa457d647f0f7b
L16_D64,remote_cpu_1,1,3,9.140345263993368,9.130779025959782,0.0030399260576814413,3159e3b1273e035b038b47c2b94fc6703ae1cea7d5f402b5e2c8dca16e3b97c1,252bfcd6b2d0c3fccbb710487ffbdad8c11b5a855e449a22d4aa457d647f0f7b
L16_D64,remote_cpu_1,1,4,9.371966843027622,9.362984657054767,0.002635444048792124,3159e3b1273e035b038b47c2b94fc6703ae1cea7d5f402b5e2c8dca16e3b97c1,252bfcd6b2d0c3fccbb710487ffbdad8c11b5a855e449a22d4aa457d647f0f7b
L16_D64,remote_cpu_32,32,0,0.8114950529998168,0.8020412619225681,0.002863620058633387,3159e3b1273e035b038b47c2b94fc6703ae1cea7d5f402b5e2c8dca16e3b97c1,252bfcd6b2d0c3fccbb710487ffbdad8c11b5a855e449a22d4aa457d647f0f7b
L16_D64,remote_cpu_32,32,1,0.7899233689531684,0.7798259520204738,0.004231314058415592,3159e3b1273e035b038b47c2b94fc6703ae1cea7d5f402b5e2c8dca16e3b97c1,252bfcd6b2d0c3fccbb710487ffbdad8c11b5a855e449a22d4aa457d647f0f7b
L16_D64,remote_cpu_32,32,2,0.8119659660151228,0.8024784239241853,0.0025256259832531214,3159e3b1273e035b038b47c2b94fc6703ae1cea7d5f402b5e2c8dca16e3b97c1,252bfcd6b2d0c3fccbb710487ffbdad8c11b5a855e449a22d4aa457d647f0f7b
L16_D64,remote_cpu_32,32,3,0.8479788119439036,0.8381678899750113,0.003226253087632358,3159e3b1273e035b038b47c2b94fc6703ae1cea7d5f402b5e2c8dca16e3b97c1,252bfcd6b2d0c3fccbb710487ffbdad8c11b5a855e449a22d4aa457d647f0f7b
L16_D64,remote_cpu_32,32,4,0.7974707620451227,0.7875182150164619,0.0031734990188851953,3159e3b1273e035b038b47c2b94fc6703ae1cea7d5f402b5e2c8dca16e3b97c1,252bfcd6b2d0c3fccbb710487ffbdad8c11b5a855e449a22d4aa457d647f0f7b
L16_D64,rtx5090,32,0,0.532910373993218,0.5187435880070552,0.004558927961625159,591d705dc330c977c24349f391f8150d32b9217ba0812bd8ef09e5cbb66be010,aff415b7fa62be09aa6d0e4d159b0158643bcabc061ab471f220969c35168aea
L16_D64,rtx5090,32,1,0.6063770700711757,0.5958462579874322,0.0041699319845065475,591d705dc330c977c24349f391f8150d32b9217ba0812bd8ef09e5cbb66be010,aff415b7fa62be09aa6d0e4d159b0158643bcabc061ab471f220969c35168aea
L16_D64,rtx5090,32,2,0.5412493930198252,0.5301803270122036,0.00404439598787576,591d705dc330c977c24349f391f8150d32b9217ba0812bd8ef09e5cbb66be010,aff415b7fa62be09aa6d0e4d159b0158643bcabc061ab471f220969c35168aea
L16_D64,rtx5090,32,3,0.5571993159828708,0.5481988969258964,0.003285381942987442,591d705dc330c977c24349f391f8150d32b9217ba0812bd8ef09e5cbb66be010,aff415b7fa62be09aa6d0e4d159b0158643bcabc061ab471f220969c35168aea
L16_D64,rtx5090,32,4,0.559658088022843,0.5503342979354784,0.0030217820312827826,591d705dc330c977c24349f391f8150d32b9217ba0812bd8ef09e5cbb66be010,aff415b7fa62be09aa6d0e4d159b0158643bcabc061ab471f220969c35168aea
L32_D64,apple_fk_serial,1,0,1.5964728750000177,1.5958411249999926,0.000546083000017461,a6576773072441530ab107da185ecad965a3d846afbcc237ecddd9433bc4278d,897d61c8af4fc2267ddfaca952ed185332b08562c926b4bbddaabbbc5e8c77bc
L32_D64,apple_fk_serial,1,1,1.5918477909999638,1.5912647080000397,0.0004982919999747537,a6576773072441530ab107da185ecad965a3d846afbcc237ecddd9433bc4278d,897d61c8af4fc2267ddfaca952ed185332b08562c926b4bbddaabbbc5e8c77bc
L32_D64,apple_fk_serial,1,2,1.6122486669999034,1.6116277500000251,0.0005207499999642096,a6576773072441530ab107da185ecad965a3d846afbcc237ecddd9433bc4278d,897d61c8af4fc2267ddfaca952ed185332b08562c926b4bbddaabbbc5e8c77bc
L32_D64,apple_fk_serial,1,3,1.6109911659999625,1.6103789999999663,0.0005118750000292493,a6576773072441530ab107da185ecad965a3d846afbcc237ecddd9433bc4278d,897d61c8af4fc2267ddfaca952ed185332b08562c926b4bbddaabbbc5e8c77bc
L32_D64,apple_fk_serial,1,4,1.5912917919999927,1.5906625000000076,0.0005445420000569356,a6576773072441530ab107da185ecad965a3d846afbcc237ecddd9433bc4278d,897d61c8af4fc2267ddfaca952ed185332b08562c926b4bbddaabbbc5e8c77bc
L32_D64,apple_fk_openmp,16,0,0.1402782920000618,0.1396948329999077,0.0004905419999658989,a6576773072441530ab107da185ecad965a3d846afbcc237ecddd9433bc4278d,897d61c8af4fc2267ddfaca952ed185332b08562c926b4bbddaabbbc5e8c77bc
L32_D64,apple_fk_openmp,16,1,0.13446704199998294,0.13386916699994345,0.0005169170000272061,a6576773072441530ab107da185ecad965a3d846afbcc237ecddd9433bc4278d,897d61c8af4fc2267ddfaca952ed185332b08562c926b4bbddaabbbc5e8c77bc
L32_D64,apple_fk_openmp,16,2,0.13614479100010612,0.13556195799992565,0.0004946249999875363,a6576773072441530ab107da185ecad965a3d846afbcc237ecddd9433bc4278d,897d61c8af4fc2267ddfaca952ed185332b08562c926b4bbddaabbbc5e8c77bc
L32_D64,apple_fk_openmp,16,3,0.1351572500000202,0.13459120899995014,0.0004834169999412552,a6576773072441530ab107da185ecad965a3d846afbcc237ecddd9433bc4278d,897d61c8af4fc2267ddfaca952ed185332b08562c926b4bbddaabbbc5e8c77bc
L32_D64,apple_fk_openmp,16,4,0.13873525000008158,0.13811279200001536,0.0005364590000453973,a6576773072441530ab107da185ecad965a3d846afbcc237ecddd9433bc4278d,897d61c8af4fc2267ddfaca952ed185332b08562c926b4bbddaabbbc5e8c77bc
L32_D64,apple_cpu_1,1,0,2.921867124999949,2.9189039999999977,0.0009259999999358115,69dcfe5934de78f556d4495c3102614b3ea14229258e4a3ea2345fc1478d1884,9f1af03a64af33fc508bdb440119aaff915eedb0df931515d81d3a4a2c36a58a
L32_D64,apple_cpu_1,1,1,2.9216894170000387,2.918337999999949,0.0009479999999939537,69dcfe5934de78f556d4495c3102614b3ea14229258e4a3ea2345fc1478d1884,9f1af03a64af33fc508bdb440119aaff915eedb0df931515d81d3a4a2c36a58a
L32_D64,apple_cpu_1,1,2,2.915074582999978,2.9123690000000124,0.0009459999999990032,69dcfe5934de78f556d4495c3102614b3ea14229258e4a3ea2345fc1478d1884,9f1af03a64af33fc508bdb440119aaff915eedb0df931515d81d3a4a2c36a58a
L32_D64,apple_cpu_1,1,3,2.9120612079999546,2.909014999999954,0.000954000000092492,69dcfe5934de78f556d4495c3102614b3ea14229258e4a3ea2345fc1478d1884,9f1af03a64af33fc508bdb440119aaff915eedb0df931515d81d3a4a2c36a58a
L32_D64,apple_cpu_1,1,4,2.912491583000019,2.9095370000000003,0.0009249999999383363,69dcfe5934de78f556d4495c3102614b3ea14229258e4a3ea2345fc1478d1884,9f1af03a64af33fc508bdb440119aaff915eedb0df931515d81d3a4a2c36a58a
L32_D64,apple_cpu_16,16,0,0.2452595830000064,0.2423149999999623,0.000994999999988977,69dcfe5934de78f556d4495c3102614b3ea14229258e4a3ea2345fc1478d1884,9f1af03a64af33fc508bdb440119aaff915eedb0df931515d81d3a4a2c36a58a
L32_D64,apple_cpu_16,16,1,0.24396650000005593,0.24105099999997037,0.0009750000000394721,69dcfe5934de78f556d4495c3102614b3ea14229258e4a3ea2345fc1478d1884,9f1af03a64af33fc508bdb440119aaff915eedb0df931515d81d3a4a2c36a58a
L32_D64,apple_cpu_16,16,2,0.24554049999994731,0.2426469999999199,0.0009590000000798682,69dcfe5934de78f556d4495c3102614b3ea14229258e4a3ea2345fc1478d1884,9f1af03a64af33fc508bdb440119aaff915eedb0df931515d81d3a4a2c36a58a
L32_D64,apple_cpu_16,16,3,0.25853462500003843,0.2556730000000016,0.0010679999999183565,69dcfe5934de78f556d4495c3102614b3ea14229258e4a3ea2345fc1478d1884,9f1af03a64af33fc508bdb440119aaff915eedb0df931515d81d3a4a2c36a58a
L32_D64,apple_cpu_16,16,4,0.24891870800001925,0.24614599999995335,0.0009170000000722212,69dcfe5934de78f556d4495c3102614b3ea14229258e4a3ea2345fc1478d1884,9f1af03a64af33fc508bdb440119aaff915eedb0df931515d81d3a4a2c36a58a
L32_D64,apple_mps,16,0,0.22624629200004165,0.22340799999994942,0.0009489999999914289,39933b92a80ff21ba8bffdf76b41b2f9b37681778caf2b38b8e350ea497fb2c1,0e65d44fe67ab9849695a994de2210d31e4fe7f0d201381da2eea678508c903b
L32_D64,apple_mps,16,1,0.2252227919999541,0.22260800000003655,0.0009390000000166765,39933b92a80ff21ba8bffdf76b41b2f9b37681778caf2b38b8e350ea497fb2c1,0e65d44fe67ab9849695a994de2210d31e4fe7f0d201381da2eea678508c903b
L32_D64,apple_mps,16,2,0.22431854100000237,0.2214370000000372,0.000933000000031825,39933b92a80ff21ba8bffdf76b41b2f9b37681778caf2b38b8e350ea497fb2c1,0e65d44fe67ab9849695a994de2210d31e4fe7f0d201381da2eea678508c903b
L32_D64,apple_mps,16,3,0.2263777079999727,0.22377499999993233,0.0009469999999964784,39933b92a80ff21ba8bffdf76b41b2f9b37681778caf2b38b8e350ea497fb2c1,0e65d44fe67ab9849695a994de2210d31e4fe7f0d201381da2eea678508c903b
L32_D64,apple_mps,16,4,0.22449887499999477,0.22165800000004765,0.0009680000000571454,39933b92a80ff21ba8bffdf76b41b2f9b37681778caf2b38b8e350ea497fb2c1,0e65d44fe67ab9849695a994de2210d31e4fe7f0d201381da2eea678508c903b
L32_D64,remote_fk_serial,1,0,14.221453786012717,14.220061864936724,0.0010922580258920789,597e1f0bd624eb1dfa05d5a7f64d0f2da516c2cbdaeddce58e5b5a29c39a6352,30578b280341b4c1312bba27204fb1f2fd499fec48ab9f9d1d7c1fa83fe994a6
L32_D64,remote_fk_serial,1,1,12.097722670994699,12.095937594072893,0.001534807961434126,597e1f0bd624eb1dfa05d5a7f64d0f2da516c2cbdaeddce58e5b5a29c39a6352,30578b280341b4c1312bba27204fb1f2fd499fec48ab9f9d1d7c1fa83fe994a6
L32_D64,remote_fk_serial,1,2,11.987103906925768,11.98574021901004,0.0010928889969363809,597e1f0bd624eb1dfa05d5a7f64d0f2da516c2cbdaeddce58e5b5a29c39a6352,30578b280341b4c1312bba27204fb1f2fd499fec48ab9f9d1d7c1fa83fe994a6
L32_D64,remote_fk_serial,1,3,12.215981974964961,12.21420323906932,0.0014995120000094175,597e1f0bd624eb1dfa05d5a7f64d0f2da516c2cbdaeddce58e5b5a29c39a6352,30578b280341b4c1312bba27204fb1f2fd499fec48ab9f9d1d7c1fa83fe994a6
L32_D64,remote_fk_serial,1,4,12.21600696805399,12.214090593974106,0.0015789810568094254,597e1f0bd624eb1dfa05d5a7f64d0f2da516c2cbdaeddce58e5b5a29c39a6352,30578b280341b4c1312bba27204fb1f2fd499fec48ab9f9d1d7c1fa83fe994a6
L32_D64,remote_fk_openmp,32,0,0.9790901569649577,0.9773755710339174,0.0015215639723464847,597e1f0bd624eb1dfa05d5a7f64d0f2da516c2cbdaeddce58e5b5a29c39a6352,30578b280341b4c1312bba27204fb1f2fd499fec48ab9f9d1d7c1fa83fe994a6
L32_D64,remote_fk_openmp,32,1,0.8846433860016987,0.8830800739815459,0.001278257928788662,597e1f0bd624eb1dfa05d5a7f64d0f2da516c2cbdaeddce58e5b5a29c39a6352,30578b280341b4c1312bba27204fb1f2fd499fec48ab9f9d1d7c1fa83fe994a6
L32_D64,remote_fk_openmp,32,2,0.875615264987573,0.8738977450411767,0.0015045020263642073,597e1f0bd624eb1dfa05d5a7f64d0f2da516c2cbdaeddce58e5b5a29c39a6352,30578b280341b4c1312bba27204fb1f2fd499fec48ab9f9d1d7c1fa83fe994a6
L32_D64,remote_fk_openmp,32,3,0.9122212990187109,0.9101642519235611,0.0018251920118927956,597e1f0bd624eb1dfa05d5a7f64d0f2da516c2cbdaeddce58e5b5a29c39a6352,30578b280341b4c1312bba27204fb1f2fd499fec48ab9f9d1d7c1fa83fe994a6
L32_D64,remote_fk_openmp,32,4,0.8925501919584349,0.8909598500467837,0.0013355049304664135,597e1f0bd624eb1dfa05d5a7f64d0f2da516c2cbdaeddce58e5b5a29c39a6352,30578b280341b4c1312bba27204fb1f2fd499fec48ab9f9d1d7c1fa83fe994a6
L32_D64,remote_cpu_1,1,0,13.484582168981433,13.475840330007486,0.0029034449253231287,16bca30afdd101c4f7aa6be9e6dc7d06b9f3621a12880e9988115527ef10c1fe,568ba17fbc66e60f4d65b56abb39874d183c0b2bcf56856781891889f1072187
L32_D64,remote_cpu_1,1,1,13.474228083039634,13.46283624600619,0.0027970679802820086,16bca30afdd101c4f7aa6be9e6dc7d06b9f3621a12880e9988115527ef10c1fe,568ba17fbc66e60f4d65b56abb39874d183c0b2bcf56856781891889f1072187
L32_D64,remote_cpu_1,1,2,13.191632667090744,13.181074692052789,0.0037546460516750813,16bca30afdd101c4f7aa6be9e6dc7d06b9f3621a12880e9988115527ef10c1fe,568ba17fbc66e60f4d65b56abb39874d183c0b2bcf56856781891889f1072187
L32_D64,remote_cpu_1,1,3,13.33099997008685,13.320590282091871,0.0031962150242179632,16bca30afdd101c4f7aa6be9e6dc7d06b9f3621a12880e9988115527ef10c1fe,568ba17fbc66e60f4d65b56abb39874d183c0b2bcf56856781891889f1072187
L32_D64,remote_cpu_1,1,4,13.677839829935692,13.66631551401224,0.004245570977218449,16bca30afdd101c4f7aa6be9e6dc7d06b9f3621a12880e9988115527ef10c1fe,568ba17fbc66e60f4d65b56abb39874d183c0b2bcf56856781891889f1072187
L32_D64,remote_cpu_32,32,0,1.153581741033122,1.145000561955385,0.0030934970127418637,16bca30afdd101c4f7aa6be9e6dc7d06b9f3621a12880e9988115527ef10c1fe,568ba17fbc66e60f4d65b56abb39874d183c0b2bcf56856781891889f1072187
L32_D64,remote_cpu_32,32,1,1.2197738350369036,1.2106101480312645,0.003330005914904177,16bca30afdd101c4f7aa6be9e6dc7d06b9f3621a12880e9988115527ef10c1fe,568ba17fbc66e60f4d65b56abb39874d183c0b2bcf56856781891889f1072187
L32_D64,remote_cpu_32,32,2,1.1653959330869839,1.154294842039235,0.004590681055560708,16bca30afdd101c4f7aa6be9e6dc7d06b9f3621a12880e9988115527ef10c1fe,568ba17fbc66e60f4d65b56abb39874d183c0b2bcf56856781891889f1072187
L32_D64,remote_cpu_32,32,3,1.2293431790312752,1.2194463959895074,0.0030712790321558714,16bca30afdd101c4f7aa6be9e6dc7d06b9f3621a12880e9988115527ef10c1fe,568ba17fbc66e60f4d65b56abb39874d183c0b2bcf56856781891889f1072187
L32_D64,remote_cpu_32,32,4,1.2464829840464517,1.2364591259974986,0.003710897988639772,16bca30afdd101c4f7aa6be9e6dc7d06b9f3621a12880e9988115527ef10c1fe,568ba17fbc66e60f4d65b56abb39874d183c0b2bcf56856781891889f1072187
L32_D64,rtx5090,32,0,0.7669732660287991,0.7570751210441813,0.002920296974480152,407b29822b2201de398ceaf3b990daf12f896e465d99a7cddc135afe80badd1d,73ab80d1d42e019b14b1d74a96ed34c57e5293037a8c2a6f95946b771915817b
L32_D64,rtx5090,32,1,0.7998253259574994,0.7905756969703361,0.0032692330423742533,407b29822b2201de398ceaf3b990daf12f896e465d99a7cddc135afe80badd1d,73ab80d1d42e019b14b1d74a96ed34c57e5293037a8c2a6f95946b771915817b
L32_D64,rtx5090,32,2,0.7195775180589408,0.7103111500618979,0.0029795890441164374,407b29822b2201de398ceaf3b990daf12f896e465d99a7cddc135afe80badd1d,73ab80d1d42e019b14b1d74a96ed34c57e5293037a8c2a6f95946b771915817b
L32_D64,rtx5090,32,3,0.832014690968208,0.8201156189898029,0.004531416925601661,407b29822b2201de398ceaf3b990daf12f896e465d99a7cddc135afe80badd1d,73ab80d1d42e019b14b1d74a96ed34c57e5293037a8c2a6f95946b771915817b
L32_D64,rtx5090,32,4,0.7790112990187481,0.768727661925368,0.003739823936484754,407b29822b2201de398ceaf3b990daf12f896e465d99a7cddc135afe80badd1d,73ab80d1d42e019b14b1d74a96ed34c57e5293037a8c2a6f95946b771915817b
L64_D64,apple_fk_serial,1,0,2.3285044169999765,2.327900166999939,0.0005108749999180873,ea657b0cb9b1b37eff6943de422f62a5b0913e6dcc2e58e4a5009310e4f80142,0a0f661d70d9f9afbb0f49962e53abdc95de551b98ffa168d55a607fc26a8eb5
L64_D64,apple_fk_serial,1,1,2.3315461249999316,2.330946916999892,0.0004968750001808075,ea657b0cb9b1b37eff6943de422f62a5b0913e6dcc2e58e4a5009310e4f80142,0a0f661d70d9f9afbb0f49962e53abdc95de551b98ffa168d55a607fc26a8eb5
L64_D64,apple_fk_serial,1,2,2.314603541999986,2.3140245829999913,0.0004874999999628926,ea657b0cb9b1b37eff6943de422f62a5b0913e6dcc2e58e4a5009310e4f80142,0a0f661d70d9f9afbb0f49962e53abdc95de551b98ffa168d55a607fc26a8eb5
L64_D64,apple_fk_serial,1,3,2.3200638329999492,2.3194822090001708,0.0004935000001751177,ea657b0cb9b1b37eff6943de422f62a5b0913e6dcc2e58e4a5009310e4f80142,0a0f661d70d9f9afbb0f49962e53abdc95de551b98ffa168d55a607fc26a8eb5
L64_D64,apple_fk_serial,1,4,2.3154250830000365,2.314691499999981,0.0006325409999590192,ea657b0cb9b1b37eff6943de422f62a5b0913e6dcc2e58e4a5009310e4f80142,0a0f661d70d9f9afbb0f49962e53abdc95de551b98ffa168d55a607fc26a8eb5
L64_D64,apple_fk_openmp,16,0,0.19736724999995658,0.19666766699992877,0.0006017910000082338,ea657b0cb9b1b37eff6943de422f62a5b0913e6dcc2e58e4a5009310e4f80142,0a0f661d70d9f9afbb0f49962e53abdc95de551b98ffa168d55a607fc26a8eb5
L64_D64,apple_fk_openmp,16,1,0.20072641700005533,0.2001549999999952,0.00048174999994898826,ea657b0cb9b1b37eff6943de422f62a5b0913e6dcc2e58e4a5009310e4f80142,0a0f661d70d9f9afbb0f49962e53abdc95de551b98ffa168d55a607fc26a8eb5
L64_D64,apple_fk_openmp,16,2,0.194395459000134,0.19382679099999223,0.00047891700000946,ea657b0cb9b1b37eff6943de422f62a5b0913e6dcc2e58e4a5009310e4f80142,0a0f661d70d9f9afbb0f49962e53abdc95de551b98ffa168d55a607fc26a8eb5
L64_D64,apple_fk_openmp,16,3,0.20983749999982138,0.20926762500016594,0.00047629200003029837,ea657b0cb9b1b37eff6943de422f62a5b0913e6dcc2e58e4a5009310e4f80142,0a0f661d70d9f9afbb0f49962e53abdc95de551b98ffa168d55a607fc26a8eb5
L64_D64,apple_fk_openmp,16,4,0.19469550000007985,0.1940951670001141,0.0004577079998853151,ea657b0cb9b1b37eff6943de422f62a5b0913e6dcc2e58e4a5009310e4f80142,0a0f661d70d9f9afbb0f49962e53abdc95de551b98ffa168d55a607fc26a8eb5
L64_D64,apple_cpu_1,1,0,5.165932833000056,5.1630369999999175,0.000933000000031825,c7af8a85053b7659884aa96e6d5098bfce03d14240b285e6d5f34e63868d4de2,917f58ac65d74f0497217823c20de45df8cdeab8a4ca345f366ce7eb58c6d921
L64_D64,apple_cpu_1,1,1,5.181831665999994,5.178951999999981,0.0009750000000394721,c7af8a85053b7659884aa96e6d5098bfce03d14240b285e6d5f34e63868d4de2,917f58ac65d74f0497217823c20de45df8cdeab8a4ca345f366ce7eb58c6d921
L64_D64,apple_cpu_1,1,2,5.131710083000144,5.127727999999934,0.0012000000000398359,c7af8a85053b7659884aa96e6d5098bfce03d14240b285e6d5f34e63868d4de2,917f58ac65d74f0497217823c20de45df8cdeab8a4ca345f366ce7eb58c6d921
L64_D64,apple_cpu_1,1,3,5.207689165999909,5.204189999999926,0.001222000000097978,c7af8a85053b7659884aa96e6d5098bfce03d14240b285e6d5f34e63868d4de2,917f58ac65d74f0497217823c20de45df8cdeab8a4ca345f366ce7eb58c6d921
L64_D64,apple_cpu_1,1,4,5.123251333000098,5.11921099999995,0.001222000000097978,c7af8a85053b7659884aa96e6d5098bfce03d14240b285e6d5f34e63868d4de2,917f58ac65d74f0497217823c20de45df8cdeab8a4ca345f366ce7eb58c6d921
L64_D64,apple_cpu_16,16,0,0.44500416699997913,0.44230500000003303,0.0009569999999712309,c7af8a85053b7659884aa96e6d5098bfce03d14240b285e6d5f34e63868d4de2,917f58ac65d74f0497217823c20de45df8cdeab8a4ca345f366ce7eb58c6d921
L64_D64,apple_cpu_16,16,1,0.45045391600001494,0.447763000000009,0.0009479999999939537,c7af8a85053b7659884aa96e6d5098bfce03d14240b285e6d5f34e63868d4de2,917f58ac65d74f0497217823c20de45df8cdeab8a4ca345f366ce7eb58c6d921
L64_D64,apple_cpu_16,16,2,0.4378506670000206,0.434957000000054,0.0009340000000293003,c7af8a85053b7659884aa96e6d5098bfce03d14240b285e6d5f34e63868d4de2,917f58ac65d74f0497217823c20de45df8cdeab8a4ca345f366ce7eb58c6d921
L64_D64,apple_cpu_16,16,3,0.4427155420000872,0.4400919999998223,0.0009320000001480366,c7af8a85053b7659884aa96e6d5098bfce03d14240b285e6d5f34e63868d4de2,917f58ac65d74f0497217823c20de45df8cdeab8a4ca345f366ce7eb58c6d921
L64_D64,apple_cpu_16,16,4,0.4417703750000328,0.43872800000008283,0.0009270000000469736,c7af8a85053b7659884aa96e6d5098bfce03d14240b285e6d5f34e63868d4de2,917f58ac65d74f0497217823c20de45df8cdeab8a4ca345f366ce7eb58c6d921
L64_D64,apple_mps,16,0,0.4310085000000754,0.42801699999995435,0.0009509999999863794,587a7e5d0efe8628c6e939054741852aae2b90139bad1d161a3f7fb360c65782,4e77e9abd0b194ffccf23ff9197ea52a5c2e5552c75388179975d9bff9355e24
L64_D64,apple_mps,16,1,0.4428367089999483,0.43992100000002665,0.000941000000011627,587a7e5d0efe8628c6e939054741852aae2b90139bad1d161a3f7fb360c65782,4e77e9abd0b194ffccf23ff9197ea52a5c2e5552c75388179975d9bff9355e24
L64_D64,apple_mps,16,2,0.437969374999966,0.4350939999999355,0.0009140000000797954,587a7e5d0efe8628c6e939054741852aae2b90139bad1d161a3f7fb360c65782,4e77e9abd0b194ffccf23ff9197ea52a5c2e5552c75388179975d9bff9355e24
L64_D64,apple_mps,16,3,0.43387479199986956,0.4309729999999945,0.000927999999930762,587a7e5d0efe8628c6e939054741852aae2b90139bad1d161a3f7fb360c65782,4e77e9abd0b194ffccf23ff9197ea52a5c2e5552c75388179975d9bff9355e24
L64_D64,apple_mps,16,4,0.42598591599994506,0.4226940000000923,0.0009529999999813299,587a7e5d0efe8628c6e939054741852aae2b90139bad1d161a3f7fb360c65782,4e77e9abd0b194ffccf23ff9197ea52a5c2e5552c75388179975d9bff9355e24
L64_D64,remote_fk_serial,1,0,17.153995511005633,17.151632399996743,0.002052247989922762,b0eca57d91c6fab06229fae15c8fad331dfb9a5751c9bdca03439cf3bede1beb,c14413333b807ce9dd398666493991dbac467bc32e4c7da0c47b42497cfb340a
L64_D64,remote_fk_serial,1,1,15.96504261600785,15.963631520047784,0.0010470340494066477,b0eca57d91c6fab06229fae15c8fad331dfb9a5751c9bdca03439cf3bede1beb,c14413333b807ce9dd398666493991dbac467bc32e4c7da0c47b42497cfb340a
L64_D64,remote_fk_serial,1,2,15.64409329497721,15.642593321041204,0.0012395150260999799,b0eca57d91c6fab06229fae15c8fad331dfb9a5751c9bdca03439cf3bede1beb,c14413333b807ce9dd398666493991dbac467bc32e4c7da0c47b42497cfb340a
L64_D64,remote_fk_serial,1,3,15.725184213952161,15.72282233205624,0.0020537240197882056,b0eca57d91c6fab06229fae15c8fad331dfb9a5751c9bdca03439cf3bede1beb,c14413333b807ce9dd398666493991dbac467bc32e4c7da0c47b42497cfb340a
L64_D64,remote_fk_serial,1,4,15.825042602955364,15.823527753003873,0.0012446939945220947,b0eca57d91c6fab06229fae15c8fad331dfb9a5751c9bdca03439cf3bede1beb,c14413333b807ce9dd398666493991dbac467bc32e4c7da0c47b42497cfb340a
L64_D64,remote_fk_openmp,32,0,1.2367037429939955,1.2351857050089166,0.0012675479520112276,b0eca57d91c6fab06229fae15c8fad331dfb9a5751c9bdca03439cf3bede1beb,c14413333b807ce9dd398666493991dbac467bc32e4c7da0c47b42497cfb340a
L64_D64,remote_fk_openmp,32,1,1.243087355978787,1.2412369770463556,0.001547591993585229,b0eca57d91c6fab06229fae15c8fad331dfb9a5751c9bdca03439cf3bede1beb,c14413333b807ce9dd398666493991dbac467bc32e4c7da0c47b42497cfb340a
L64_D64,remote_fk_openmp,32,2,1.2232283829944208,1.2211433820193633,0.001864577061496675,b0eca57d91c6fab06229fae15c8fad331dfb9a5751c9bdca03439cf3bede1beb,c14413333b807ce9dd398666493991dbac467bc32e4c7da0c47b42497cfb340a
L64_D64,remote_fk_openmp,32,3,1.2083609610563144,1.2060345170320943,0.0019514299929141998,b0eca57d91c6fab06229fae15c8fad331dfb9a5751c9bdca03439cf3bede1beb,c14413333b807ce9dd398666493991dbac467bc32e4c7da0c47b42497cfb340a
L64_D64,remote_fk_openmp,32,4,1.2823582839919254,1.2806589279789478,0.001455008052289486,b0eca57d91c6fab06229fae15c8fad331dfb9a5751c9bdca03439cf3bede1beb,c14413333b807ce9dd398666493991dbac467bc32e4c7da0c47b42497cfb340a
L64_D64,remote_cpu_1,1,0,22.493236084003,22.480497515993193,0.004188336082734168,dd7289ecd6518c24706f9ad26a53b33bccbdd713557c2aaefaad644b0306136b,a6b8d2c7bf97755b21e9227ca24a19877f07476a6fc24e46e6cac76e7cf4be09
L64_D64,remote_cpu_1,1,1,22.42778774292674,22.418013653950766,0.0031436040299013257,dd7289ecd6518c24706f9ad26a53b33bccbdd713557c2aaefaad644b0306136b,a6b8d2c7bf97755b21e9227ca24a19877f07476a6fc24e46e6cac76e7cf4be09
L64_D64,remote_cpu_1,1,2,22.487255569081753,22.477446852019057,0.0032154639484360814,dd7289ecd6518c24706f9ad26a53b33bccbdd713557c2aaefaad644b0306136b,a6b8d2c7bf97755b21e9227ca24a19877f07476a6fc24e46e6cac76e7cf4be09
L64_D64,remote_cpu_1,1,3,22.52310840401333,22.51247100403998,0.00398982095066458,dd7289ecd6518c24706f9ad26a53b33bccbdd713557c2aaefaad644b0306136b,a6b8d2c7bf97755b21e9227ca24a19877f07476a6fc24e46e6cac76e7cf4be09
L64_D64,remote_cpu_1,1,4,22.6892403899692,22.678120466996916,0.004460994969122112,dd7289ecd6518c24706f9ad26a53b33bccbdd713557c2aaefaad644b0306136b,a6b8d2c7bf97755b21e9227ca24a19877f07476a6fc24e46e6cac76e7cf4be09
L64_D64,remote_cpu_32,32,0,1.9965146130416542,1.9839758960297331,0.003867503022775054,dd7289ecd6518c24706f9ad26a53b33bccbdd713557c2aaefaad644b0306136b,a6b8d2c7bf97755b21e9227ca24a19877f07476a6fc24e46e6cac76e7cf4be09
L64_D64,remote_cpu_32,32,1,1.9759316509589553,1.9669905679766089,0.0032360550248995423,dd7289ecd6518c24706f9ad26a53b33bccbdd713557c2aaefaad644b0306136b,a6b8d2c7bf97755b21e9227ca24a19877f07476a6fc24e46e6cac76e7cf4be09
L64_D64,remote_cpu_32,32,2,1.976080222055316,1.9666335829533637,0.0032884080428630114,dd7289ecd6518c24706f9ad26a53b33bccbdd713557c2aaefaad644b0306136b,a6b8d2c7bf97755b21e9227ca24a19877f07476a6fc24e46e6cac76e7cf4be09
L64_D64,remote_cpu_32,32,3,1.9589155970606953,1.947739543975331,0.004174099070951343,dd7289ecd6518c24706f9ad26a53b33bccbdd713557c2aaefaad644b0306136b,a6b8d2c7bf97755b21e9227ca24a19877f07476a6fc24e46e6cac76e7cf4be09
L64_D64,remote_cpu_32,32,4,1.9751182369654998,1.966148045961745,0.0023927969159558415,dd7289ecd6518c24706f9ad26a53b33bccbdd713557c2aaefaad644b0306136b,a6b8d2c7bf97755b21e9227ca24a19877f07476a6fc24e46e6cac76e7cf4be09
L64_D64,rtx5090,32,0,1.2156106769107282,1.2036325740627944,0.004493806976824999,3442fbcf8279bb62344bcfd549e08dbdd34f6f71eaf37e029e8e42400bd860ce,0e657f856564fb125a694408edaa7bd5add0563ee702af6ca4b5280cc529837f
L64_D64,rtx5090,32,1,1.3101578730857,1.3000320499995723,0.003292598994448781,3442fbcf8279bb62344bcfd549e08dbdd34f6f71eaf37e029e8e42400bd860ce,0e657f856564fb125a694408edaa7bd5add0563ee702af6ca4b5280cc529837f
L64_D64,rtx5090,32,2,1.2401411689352244,1.2299682600423694,0.0037012819666415453,3442fbcf8279bb62344bcfd549e08dbdd34f6f71eaf37e029e8e42400bd860ce,0e657f856564fb125a694408edaa7bd5add0563ee702af6ca4b5280cc529837f
L64_D64,rtx5090,32,3,1.344981973990798,1.3336668349802494,0.004259206005372107,3442fbcf8279bb62344bcfd549e08dbdd34f6f71eaf37e029e8e42400bd860ce,0e657f856564fb125a694408edaa7bd5add0563ee702af6ca4b5280cc529837f
L64_D64,rtx5090,32,4,1.340685509960167,1.3301860200008377,0.004057229030877352,3442fbcf8279bb62344bcfd549e08dbdd34f6f71eaf37e029e8e42400bd860ce,0e657f856564fb125a694408edaa7bd5add0563ee702af6ca4b5280cc529837f
Z1_R10,apple_fk_serial,1,0,2.0246150420000504,2.0238848750000216,0.0006382909998592368,bb3dd12172f7d6344aa5c50aa1672a3db49c7a543973ea6f4258d641dafd6682,c5335716828281709d362e43ea6e531e9eea517a08b0de414e4ad69c2e9c0e0e
Z1_R10,apple_fk_serial,1,1,2.019735207999929,2.0191758339999524,0.00048233300003630575,bb3dd12172f7d6344aa5c50aa1672a3db49c7a543973ea6f4258d641dafd6682,c5335716828281709d362e43ea6e531e9eea517a08b0de414e4ad69c2e9c0e0e
Z1_R10,apple_fk_serial,1,2,2.0202621670000553,2.0195324999999684,0.0006449170000450977,bb3dd12172f7d6344aa5c50aa1672a3db49c7a543973ea6f4258d641dafd6682,c5335716828281709d362e43ea6e531e9eea517a08b0de414e4ad69c2e9c0e0e
Z1_R10,apple_fk_serial,1,3,2.024945624999873,2.0242366669999683,0.000634083000022656,bb3dd12172f7d6344aa5c50aa1672a3db49c7a543973ea6f4258d641dafd6682,c5335716828281709d362e43ea6e531e9eea517a08b0de414e4ad69c2e9c0e0e
Z1_R10,apple_fk_serial,1,4,2.012943250000035,2.012390916999948,0.0004784170000675658,bb3dd12172f7d6344aa5c50aa1672a3db49c7a543973ea6f4258d641dafd6682,c5335716828281709d362e43ea6e531e9eea517a08b0de414e4ad69c2e9c0e0e
Z1_R10,apple_fk_openmp,16,0,0.17595424999990428,0.17533054199998332,0.0004923750000216387,bb3dd12172f7d6344aa5c50aa1672a3db49c7a543973ea6f4258d641dafd6682,c5335716828281709d362e43ea6e531e9eea517a08b0de414e4ad69c2e9c0e0e
Z1_R10,apple_fk_openmp,16,1,0.17916195800012247,0.1785136670000611,0.0005696670000361337,bb3dd12172f7d6344aa5c50aa1672a3db49c7a543973ea6f4258d641dafd6682,c5335716828281709d362e43ea6e531e9eea517a08b0de414e4ad69c2e9c0e0e
Z1_R10,apple_fk_openmp,16,2,0.17457537499990394,0.1739080830000148,0.0005375409998578107,bb3dd12172f7d6344aa5c50aa1672a3db49c7a543973ea6f4258d641dafd6682,c5335716828281709d362e43ea6e531e9eea517a08b0de414e4ad69c2e9c0e0e
Z1_R10,apple_fk_openmp,16,3,0.17184841699986464,0.17120195799998328,0.0005138750000241998,bb3dd12172f7d6344aa5c50aa1672a3db49c7a543973ea6f4258d641dafd6682,c5335716828281709d362e43ea6e531e9eea517a08b0de414e4ad69c2e9c0e0e
Z1_R10,apple_fk_openmp,16,4,0.17591449999986253,0.17530345800014402,0.0005358329999580747,bb3dd12172f7d6344aa5c50aa1672a3db49c7a543973ea6f4258d641dafd6682,c5335716828281709d362e43ea6e531e9eea517a08b0de414e4ad69c2e9c0e0e
Z1_R10,apple_cpu_1,1,0,2.1007584159999624,2.097131999999874,0.0010709999999107822,942b16a4fd2229514366aa8cbf5787c2a2217514dac512ca0e8d585a07def736,3ca266ef12cfce8d4c9b6ac13ea60a4f33b2539d364be7dea3effe3547514917
Z1_R10,apple_cpu_1,1,1,2.0979689159998998,2.09390099999996,0.0011429999999563734,942b16a4fd2229514366aa8cbf5787c2a2217514dac512ca0e8d585a07def736,3ca266ef12cfce8d4c9b6ac13ea60a4f33b2539d364be7dea3effe3547514917
Z1_R10,apple_cpu_1,1,2,2.11135216699995,2.108071000000109,0.0010770000001230073,942b16a4fd2229514366aa8cbf5787c2a2217514dac512ca0e8d585a07def736,3ca266ef12cfce8d4c9b6ac13ea60a4f33b2539d364be7dea3effe3547514917
Z1_R10,apple_cpu_1,1,3,2.101264207999975,2.097588000000087,0.0009509999999863794,942b16a4fd2229514366aa8cbf5787c2a2217514dac512ca0e8d585a07def736,3ca266ef12cfce8d4c9b6ac13ea60a4f33b2539d364be7dea3effe3547514917
Z1_R10,apple_cpu_1,1,4,2.098822041999938,2.0953230000000076,0.001194999999825086,942b16a4fd2229514366aa8cbf5787c2a2217514dac512ca0e8d585a07def736,3ca266ef12cfce8d4c9b6ac13ea60a4f33b2539d364be7dea3effe3547514917
Z1_R10,apple_cpu_16,16,0,0.18126166699994428,0.17805599999996957,0.0010150000000521686,942b16a4fd2229514366aa8cbf5787c2a2217514dac512ca0e8d585a07def736,3ca266ef12cfce8d4c9b6ac13ea60a4f33b2539d364be7dea3effe3547514917
Z1_R10,apple_cpu_16,16,1,0.18006466700012425,0.17697999999995773,0.0010569999999461288,942b16a4fd2229514366aa8cbf5787c2a2217514dac512ca0e8d585a07def736,3ca266ef12cfce8d4c9b6ac13ea60a4f33b2539d364be7dea3effe3547514917
Z1_R10,apple_cpu_16,16,2,0.17966470800001844,0.17667099999994207,0.0011200000001281296,942b16a4fd2229514366aa8cbf5787c2a2217514dac512ca0e8d585a07def736,3ca266ef12cfce8d4c9b6ac13ea60a4f33b2539d364be7dea3effe3547514917
Z1_R10,apple_cpu_16,16,3,0.18076287500002763,0.1770289999999477,0.0010709999999107822,942b16a4fd2229514366aa8cbf5787c2a2217514dac512ca0e8d585a07def736,3ca266ef12cfce8d4c9b6ac13ea60a4f33b2539d364be7dea3effe3547514917
Z1_R10,apple_cpu_16,16,4,0.1786736659998951,0.17520899999999529,0.0010569999999461288,942b16a4fd2229514366aa8cbf5787c2a2217514dac512ca0e8d585a07def736,3ca266ef12cfce8d4c9b6ac13ea60a4f33b2539d364be7dea3effe3547514917
Z1_R10,apple_mps,16,0,0.09316016700017826,0.09044200000016644,0.0009430000000065775,dab1d3e5b89e7cb4a39390b1954d269dfcd135d5bb420b71a930d8074efb2f97,91aaafc7aedb760c0d1191eb214ea948dab16ff92e08abb7f60536225e9e2f4c
Z1_R10,apple_mps,16,1,0.09403337499998088,0.09100699999999051,0.0009150000000772707,dab1d3e5b89e7cb4a39390b1954d269dfcd135d5bb420b71a930d8074efb2f97,91aaafc7aedb760c0d1191eb214ea948dab16ff92e08abb7f60536225e9e2f4c
Z1_R10,apple_mps,16,2,0.09318675000008625,0.09042599999997947,0.0009379999999055144,dab1d3e5b89e7cb4a39390b1954d269dfcd135d5bb420b71a930d8074efb2f97,91aaafc7aedb760c0d1191eb214ea948dab16ff92e08abb7f60536225e9e2f4c
Z1_R10,apple_mps,16,3,0.09257700000011937,0.08989200000019082,0.0009579999998550193,dab1d3e5b89e7cb4a39390b1954d269dfcd135d5bb420b71a930d8074efb2f97,91aaafc7aedb760c0d1191eb214ea948dab16ff92e08abb7f60536225e9e2f4c
Z1_R10,apple_mps,16,4,0.09421629200005555,0.09142999999994572,0.00091999999995096,dab1d3e5b89e7cb4a39390b1954d269dfcd135d5bb420b71a930d8074efb2f97,91aaafc7aedb760c0d1191eb214ea948dab16ff92e08abb7f60536225e9e2f4c
Z1_R10,remote_fk_serial,1,0,19.20255798904691,19.20077407406643,0.0015388649189844728,e4aa5ae7cf60dbc07d78b87453fb14d21d2e07d22afdecfb31daeb3c75f268cb,8ded3adfd99a83d07e0d5c9ee76d0ca8d67a6f0b646a619f4e9cb97a7903be92
Z1_R10,remote_fk_serial,1,1,18.93795426597353,18.93605837097857,0.0016077249310910702,e4aa5ae7cf60dbc07d78b87453fb14d21d2e07d22afdecfb31daeb3c75f268cb,8ded3adfd99a83d07e0d5c9ee76d0ca8d67a6f0b646a619f4e9cb97a7903be92
Z1_R10,remote_fk_serial,1,2,19.18674142996315,19.184910105075687,0.0015474329702556133,e4aa5ae7cf60dbc07d78b87453fb14d21d2e07d22afdecfb31daeb3c75f268cb,8ded3adfd99a83d07e0d5c9ee76d0ca8d67a6f0b646a619f4e9cb97a7903be92
Z1_R10,remote_fk_serial,1,3,19.147557002026588,19.145956741063856,0.0013443120988085866,e4aa5ae7cf60dbc07d78b87453fb14d21d2e07d22afdecfb31daeb3c75f268cb,8ded3adfd99a83d07e0d5c9ee76d0ca8d67a6f0b646a619f4e9cb97a7903be92
Z1_R10,remote_fk_serial,1,4,19.556710588978603,19.554863604018465,0.0015662281075492501,e4aa5ae7cf60dbc07d78b87453fb14d21d2e07d22afdecfb31daeb3c75f268cb,8ded3adfd99a83d07e0d5c9ee76d0ca8d67a6f0b646a619f4e9cb97a7903be92
Z1_R10,remote_fk_openmp,32,0,1.2843648140551522,1.2827765060355887,0.0013578269863501191,e4aa5ae7cf60dbc07d78b87453fb14d21d2e07d22afdecfb31daeb3c75f268cb,8ded3adfd99a83d07e0d5c9ee76d0ca8d67a6f0b646a619f4e9cb97a7903be92
Z1_R10,remote_fk_openmp,32,1,1.271364037063904,1.2694020959315822,0.001648562029004097,e4aa5ae7cf60dbc07d78b87453fb14d21d2e07d22afdecfb31daeb3c75f268cb,8ded3adfd99a83d07e0d5c9ee76d0ca8d67a6f0b646a619f4e9cb97a7903be92
Z1_R10,remote_fk_openmp,32,2,1.365152918966487,1.3633598459418863,0.0015732009196653962,e4aa5ae7cf60dbc07d78b87453fb14d21d2e07d22afdecfb31daeb3c75f268cb,8ded3adfd99a83d07e0d5c9ee76d0ca8d67a6f0b646a619f4e9cb97a7903be92
Z1_R10,remote_fk_openmp,32,3,1.491217305068858,1.4895432640332729,0.0013230210170149803,e4aa5ae7cf60dbc07d78b87453fb14d21d2e07d22afdecfb31daeb3c75f268cb,8ded3adfd99a83d07e0d5c9ee76d0ca8d67a6f0b646a619f4e9cb97a7903be92
Z1_R10,remote_fk_openmp,32,4,1.2446955459890887,1.243197155999951,0.0012752820039168,e4aa5ae7cf60dbc07d78b87453fb14d21d2e07d22afdecfb31daeb3c75f268cb,8ded3adfd99a83d07e0d5c9ee76d0ca8d67a6f0b646a619f4e9cb97a7903be92
Z1_R10,remote_cpu_1,1,0,14.214365005958825,14.205214830930345,0.002657608943991363,2c79e83035cc6d2c61eb18a7bb2175f5c524a75e47542b67e0022773abe56065,0c6c414b058726bdc67f19a8ac6d8b0a6e0a2797a72998d70311c8fa25071233
Z1_R10,remote_cpu_1,1,1,14.36805109900888,14.357643441995606,0.003345684031955898,2c79e83035cc6d2c61eb18a7bb2175f5c524a75e47542b67e0022773abe56065,0c6c414b058726bdc67f19a8ac6d8b0a6e0a2797a72998d70311c8fa25071233
Z1_R10,remote_cpu_1,1,2,14.558025263948366,14.549013821058907,0.002745704958215356,2c79e83035cc6d2c61eb18a7bb2175f5c524a75e47542b67e0022773abe56065,0c6c414b058726bdc67f19a8ac6d8b0a6e0a2797a72998d70311c8fa25071233
Z1_R10,remote_cpu_1,1,3,14.810836173011921,14.79998945898842,0.004561536014080048,2c79e83035cc6d2c61eb18a7bb2175f5c524a75e47542b67e0022773abe56065,0c6c414b058726bdc67f19a8ac6d8b0a6e0a2797a72998d70311c8fa25071233
Z1_R10,remote_cpu_1,1,4,14.548260158975609,14.538508579018526,0.0028338750125840306,2c79e83035cc6d2c61eb18a7bb2175f5c524a75e47542b67e0022773abe56065,0c6c414b058726bdc67f19a8ac6d8b0a6e0a2797a72998d70311c8fa25071233
Z1_R10,remote_cpu_32,32,0,1.072254755999893,1.0609837920637801,0.004570800927467644,2c79e83035cc6d2c61eb18a7bb2175f5c524a75e47542b67e0022773abe56065,0c6c414b058726bdc67f19a8ac6d8b0a6e0a2797a72998d70311c8fa25071233
Z1_R10,remote_cpu_32,32,1,1.1296020429581404,1.1172756250016391,0.004356194054707885,2c79e83035cc6d2c61eb18a7bb2175f5c524a75e47542b67e0022773abe56065,0c6c414b058726bdc67f19a8ac6d8b0a6e0a2797a72998d70311c8fa25071233
Z1_R10,remote_cpu_32,32,2,1.1350577919511124,1.1246840660460293,0.0039531049551442266,2c79e83035cc6d2c61eb18a7bb2175f5c524a75e47542b67e0022773abe56065,0c6c414b058726bdc67f19a8ac6d8b0a6e0a2797a72998d70311c8fa25071233
Z1_R10,remote_cpu_32,32,3,1.1336950090480968,1.1257259000558406,0.0022281130077317357,2c79e83035cc6d2c61eb18a7bb2175f5c524a75e47542b67e0022773abe56065,0c6c414b058726bdc67f19a8ac6d8b0a6e0a2797a72998d70311c8fa25071233
Z1_R10,remote_cpu_32,32,4,1.076177189941518,1.0651508000446483,0.004214024054817855,2c79e83035cc6d2c61eb18a7bb2175f5c524a75e47542b67e0022773abe56065,0c6c414b058726bdc67f19a8ac6d8b0a6e0a2797a72998d70311c8fa25071233
Z1_R10,rtx5090,32,0,0.667756812996231,0.6567383670480922,0.0038582070264965296,9f95c08d6b33ac82487ea1d386dba355b1479c6c0e08d0f6855484125cf83d7c,0f9e0b02b2782089ab35eca9d689cf04eb0e2f7dfdcf705720eee622beefe522
Z1_R10,rtx5090,32,1,0.6281753120711073,0.6171818940201774,0.003726980066858232,9f95c08d6b33ac82487ea1d386dba355b1479c6c0e08d0f6855484125cf83d7c,0f9e0b02b2782089ab35eca9d689cf04eb0e2f7dfdcf705720eee622beefe522
Z1_R10,rtx5090,32,2,0.6535446220077574,0.6419854940613732,0.004263825016096234,9f95c08d6b33ac82487ea1d386dba355b1479c6c0e08d0f6855484125cf83d7c,0f9e0b02b2782089ab35eca9d689cf04eb0e2f7dfdcf705720eee622beefe522
Z1_R10,rtx5090,32,3,0.6250664620893076,0.6149384999880567,0.004154579946771264,9f95c08d6b33ac82487ea1d386dba355b1479c6c0e08d0f6855484125cf83d7c,0f9e0b02b2782089ab35eca9d689cf04eb0e2f7dfdcf705720eee622beefe522
Z1_R10,rtx5090,32,4,0.6551844400819391,0.6462948289699852,0.0032470300793647766,9f95c08d6b33ac82487ea1d386dba355b1479c6c0e08d0f6855484125cf83d7c,0f9e0b02b2782089ab35eca9d689cf04eb0e2f7dfdcf705720eee622beefe522
Z8_R10,apple_fk_serial,1,0,0.4287405000000035,0.42812837499991474,0.0005396249998739222,39180f01d27e49af246207ceec722f23f922059760e33e689cdb71e17bfee3ab,cf74171201311ca32b2a9e7bd134f484f0ff8be38c864c5fe35ac6c4fb6e82dd
Z8_R10,apple_fk_serial,1,1,0.431796458000008,0.4312245000000985,0.0004925830000956921,39180f01d27e49af246207ceec722f23f922059760e33e689cdb71e17bfee3ab,cf74171201311ca32b2a9e7bd134f484f0ff8be38c864c5fe35ac6c4fb6e82dd
Z8_R10,apple_fk_serial,1,2,0.44711962500014124,0.44655320899983053,0.00047900000004119647,39180f01d27e49af246207ceec722f23f922059760e33e689cdb71e17bfee3ab,cf74171201311ca32b2a9e7bd134f484f0ff8be38c864c5fe35ac6c4fb6e82dd
Z8_R10,apple_fk_serial,1,3,0.45363287500003935,0.4530037500001072,0.0005396669998845027,39180f01d27e49af246207ceec722f23f922059760e33e689cdb71e17bfee3ab,cf74171201311ca32b2a9e7bd134f484f0ff8be38c864c5fe35ac6c4fb6e82dd
Z8_R10,apple_fk_serial,1,4,0.43596854199995505,0.4353716670000267,0.000509374999865031,39180f01d27e49af246207ceec722f23f922059760e33e689cdb71e17bfee3ab,cf74171201311ca32b2a9e7bd134f484f0ff8be38c864c5fe35ac6c4fb6e82dd
Z8_R10,apple_fk_openmp,16,0,0.03870774999995774,0.038138207999963925,0.0005031250000229193,39180f01d27e49af246207ceec722f23f922059760e33e689cdb71e17bfee3ab,cf74171201311ca32b2a9e7bd134f484f0ff8be38c864c5fe35ac6c4fb6e82dd
Z8_R10,apple_fk_openmp,16,1,0.036905333999811774,0.036372124999843436,0.00045954200004416634,39180f01d27e49af246207ceec722f23f922059760e33e689cdb71e17bfee3ab,cf74171201311ca32b2a9e7bd134f484f0ff8be38c864c5fe35ac6c4fb6e82dd
Z8_R10,apple_fk_openmp,16,2,0.041527249999944615,0.040946292000171525,0.0005010419999962323,39180f01d27e49af246207ceec722f23f922059760e33e689cdb71e17bfee3ab,cf74171201311ca32b2a9e7bd134f484f0ff8be38c864c5fe35ac6c4fb6e82dd
Z8_R10,apple_fk_openmp,16,3,0.04209787500008133,0.041433374999996886,0.0005471659999329859,39180f01d27e49af246207ceec722f23f922059760e33e689cdb71e17bfee3ab,cf74171201311ca32b2a9e7bd134f484f0ff8be38c864c5fe35ac6c4fb6e82dd
Z8_R10,apple_fk_openmp,16,4,0.038600249999944936,0.03806129099984901,0.0004632909999600088,39180f01d27e49af246207ceec722f23f922059760e33e689cdb71e17bfee3ab,cf74171201311ca32b2a9e7bd134f484f0ff8be38c864c5fe35ac6c4fb6e82dd
Z8_R10,apple_cpu_1,1,0,0.5189405420001094,0.5154370000000199,0.0009310000000368746,8ca75604e8e1c6358193f7601ebc73af926ee6fa9f296661b95f9846787a8633,19061914bfe19e50ebdb7bf5c24217183c42117561479cff90ef36d91c743be1
Z8_R10,apple_cpu_1,1,1,0.516344583000091,0.5128890000000865,0.0011890000000676082,8ca75604e8e1c6358193f7601ebc73af926ee6fa9f296661b95f9846787a8633,19061914bfe19e50ebdb7bf5c24217183c42117561479cff90ef36d91c743be1
Z8_R10,apple_cpu_1,1,2,0.5898400409998885,0.5871319999998832,0.0009600000000773434,8ca75604e8e1c6358193f7601ebc73af926ee6fa9f296661b95f9846787a8633,19061914bfe19e50ebdb7bf5c24217183c42117561479cff90ef36d91c743be1
Z8_R10,apple_cpu_1,1,3,0.5385504580001452,0.5356030000000374,0.00094600000011269,8ca75604e8e1c6358193f7601ebc73af926ee6fa9f296661b95f9846787a8633,19061914bfe19e50ebdb7bf5c24217183c42117561479cff90ef36d91c743be1
Z8_R10,apple_cpu_1,1,4,0.5185080000001108,0.5156859999999597,0.0009820000000217988,8ca75604e8e1c6358193f7601ebc73af926ee6fa9f296661b95f9846787a8633,19061914bfe19e50ebdb7bf5c24217183c42117561479cff90ef36d91c743be1
Z8_R10,apple_cpu_16,16,0,0.04867708400001902,0.046217000000069675,0.0009350000000267755,8ca75604e8e1c6358193f7601ebc73af926ee6fa9f296661b95f9846787a8633,19061914bfe19e50ebdb7bf5c24217183c42117561479cff90ef36d91c743be1
Z8_R10,apple_cpu_16,16,1,0.04527733400004763,0.042563999999856605,0.0009190000000671716,8ca75604e8e1c6358193f7601ebc73af926ee6fa9f296661b95f9846787a8633,19061914bfe19e50ebdb7bf5c24217183c42117561479cff90ef36d91c743be1
Z8_R10,apple_cpu_16,16,2,0.05522037499986254,0.05266000000005988,0.0009489999999914289,8ca75604e8e1c6358193f7601ebc73af926ee6fa9f296661b95f9846787a8633,19061914bfe19e50ebdb7bf5c24217183c42117561479cff90ef36d91c743be1
Z8_R10,apple_cpu_16,16,3,0.052112167000132104,0.049080999999887354,0.0010059999999612046,8ca75604e8e1c6358193f7601ebc73af926ee6fa9f296661b95f9846787a8633,19061914bfe19e50ebdb7bf5c24217183c42117561479cff90ef36d91c743be1
Z8_R10,apple_cpu_16,16,4,0.04684133399996426,0.04432100000008177,0.0009259999999358115,8ca75604e8e1c6358193f7601ebc73af926ee6fa9f296661b95f9846787a8633,19061914bfe19e50ebdb7bf5c24217183c42117561479cff90ef36d91c743be1
Z8_R10,apple_mps,16,0,0.024653208000017912,0.02226299999983894,0.00091999999995096,3401674d36fc887ba77038e28d12705254b97fca3ed2f0df9d4f373d06f82c06,034aec13085c54859e6ae68038fdc7ae5fbf0ebba8ab7f2858c9e5aba45778b9
Z8_R10,apple_mps,16,1,0.024623499999961496,0.022124000000076194,0.0009329999998044514,3401674d36fc887ba77038e28d12705254b97fca3ed2f0df9d4f373d06f82c06,034aec13085c54859e6ae68038fdc7ae5fbf0ebba8ab7f2858c9e5aba45778b9
Z8_R10,apple_mps,16,2,0.02787058400008391,0.025260000000116634,0.0009710000001632579,3401674d36fc887ba77038e28d12705254b97fca3ed2f0df9d4f373d06f82c06,034aec13085c54859e6ae68038fdc7ae5fbf0ebba8ab7f2858c9e5aba45778b9
Z8_R10,apple_mps,16,3,0.026820208000117418,0.02404999999998836,0.0009680000000571454,3401674d36fc887ba77038e28d12705254b97fca3ed2f0df9d4f373d06f82c06,034aec13085c54859e6ae68038fdc7ae5fbf0ebba8ab7f2858c9e5aba45778b9
Z8_R10,apple_mps,16,4,0.02753250000000662,0.024914999999964493,0.0009669999999459833,3401674d36fc887ba77038e28d12705254b97fca3ed2f0df9d4f373d06f82c06,034aec13085c54859e6ae68038fdc7ae5fbf0ebba8ab7f2858c9e5aba45778b9
Z8_R10,remote_fk_serial,1,0,3.997259255964309,3.9960143719799817,0.000984697020612657,9aca6208d7354b400bb36f71ed347c8353cadd0be9df65818156aecfd06b2303,3f9a374ff59684f2ac06d40f4af235c849cb19cae880266206be5e354a1a6460
Z8_R10,remote_fk_serial,1,1,3.9451773759210482,3.9429600869771093,0.00191710505168885,9aca6208d7354b400bb36f71ed347c8353cadd0be9df65818156aecfd06b2303,3f9a374ff59684f2ac06d40f4af235c849cb19cae880266206be5e354a1a6460
Z8_R10,remote_fk_serial,1,2,4.075191017007455,4.073455020901747,0.0014789339620620012,9aca6208d7354b400bb36f71ed347c8353cadd0be9df65818156aecfd06b2303,3f9a374ff59684f2ac06d40f4af235c849cb19cae880266206be5e354a1a6460
Z8_R10,remote_fk_serial,1,3,4.153180708060972,4.151925814920105,0.0010345500195398927,9aca6208d7354b400bb36f71ed347c8353cadd0be9df65818156aecfd06b2303,3f9a374ff59684f2ac06d40f4af235c849cb19cae880266206be5e354a1a6460
Z8_R10,remote_fk_serial,1,4,4.058682839968242,4.056934160995297,0.00147398398257792,9aca6208d7354b400bb36f71ed347c8353cadd0be9df65818156aecfd06b2303,3f9a374ff59684f2ac06d40f4af235c849cb19cae880266206be5e354a1a6460
Z8_R10,remote_fk_openmp,32,0,0.35531363589689136,0.35374600696377456,0.001350231934338808,9aca6208d7354b400bb36f71ed347c8353cadd0be9df65818156aecfd06b2303,3f9a374ff59684f2ac06d40f4af235c849cb19cae880266206be5e354a1a6460
Z8_R10,remote_fk_openmp,32,1,0.34349049197044224,0.3419049490476027,0.001298666000366211,9aca6208d7354b400bb36f71ed347c8353cadd0be9df65818156aecfd06b2303,3f9a374ff59684f2ac06d40f4af235c849cb19cae880266206be5e354a1a6460
Z8_R10,remote_fk_openmp,32,2,0.32442309509497136,0.3228440029779449,0.0013574670301750302,9aca6208d7354b400bb36f71ed347c8353cadd0be9df65818156aecfd06b2303,3f9a374ff59684f2ac06d40f4af235c849cb19cae880266206be5e354a1a6460
Z8_R10,remote_fk_openmp,32,3,0.33328391797840595,0.3317518950207159,0.0013110189465805888,9aca6208d7354b400bb36f71ed347c8353cadd0be9df65818156aecfd06b2303,3f9a374ff59684f2ac06d40f4af235c849cb19cae880266206be5e354a1a6460
Z8_R10,remote_fk_openmp,32,4,0.32387626206036657,0.322075544972904,0.001541811041533947,9aca6208d7354b400bb36f71ed347c8353cadd0be9df65818156aecfd06b2303,3f9a374ff59684f2ac06d40f4af235c849cb19cae880266206be5e354a1a6460
Z8_R10,remote_cpu_1,1,0,2.8094762900145724,2.8008647940587252,0.0029187140753492713,a55fb201f403e1f3ce86ad27e8dfe33643f60b074d24f039992a1c17595ceb54,aeb46414cae2085e9680492e45304f2f539f7295fa0fd7d44ea26ca34dbc6013
Z8_R10,remote_cpu_1,1,1,2.7848908869782463,2.7712298260303214,0.004200248047709465,a55fb201f403e1f3ce86ad27e8dfe33643f60b074d24f039992a1c17595ceb54,aeb46414cae2085e9680492e45304f2f539f7295fa0fd7d44ea26ca34dbc6013
Z8_R10,remote_cpu_1,1,2,2.809063464985229,2.798225749982521,0.004371890099719167,a55fb201f403e1f3ce86ad27e8dfe33643f60b074d24f039992a1c17595ceb54,aeb46414cae2085e9680492e45304f2f539f7295fa0fd7d44ea26ca34dbc6013
Z8_R10,remote_cpu_1,1,3,2.906540083931759,2.8956826879875734,0.004070072085596621,a55fb201f403e1f3ce86ad27e8dfe33643f60b074d24f039992a1c17595ceb54,aeb46414cae2085e9680492e45304f2f539f7295fa0fd7d44ea26ca34dbc6013
Z8_R10,remote_cpu_1,1,4,2.809909763978794,2.799595196964219,0.0025571960723027587,a55fb201f403e1f3ce86ad27e8dfe33643f60b074d24f039992a1c17595ceb54,aeb46414cae2085e9680492e45304f2f539f7295fa0fd7d44ea26ca34dbc6013
Z8_R10,remote_cpu_32,32,0,0.23044658999424428,0.22033774002920836,0.004066988010890782,a55fb201f403e1f3ce86ad27e8dfe33643f60b074d24f039992a1c17595ceb54,aeb46414cae2085e9680492e45304f2f539f7295fa0fd7d44ea26ca34dbc6013
Z8_R10,remote_cpu_32,32,1,0.22020606196019799,0.20932395197451115,0.0043884809128940105,a55fb201f403e1f3ce86ad27e8dfe33643f60b074d24f039992a1c17595ceb54,aeb46414cae2085e9680492e45304f2f539f7295fa0fd7d44ea26ca34dbc6013
Z8_R10,remote_cpu_32,32,2,0.2333927690051496,0.22263726696837693,0.004181733005680144,a55fb201f403e1f3ce86ad27e8dfe33643f60b074d24f039992a1c17595ceb54,aeb46414cae2085e9680492e45304f2f539f7295fa0fd7d44ea26ca34dbc6013
Z8_R10,remote_cpu_32,32,3,0.2198331250110641,0.21069826593156904,0.0033073610393330455,a55fb201f403e1f3ce86ad27e8dfe33643f60b074d24f039992a1c17595ceb54,aeb46414cae2085e9680492e45304f2f539f7295fa0fd7d44ea26ca34dbc6013
Z8_R10,remote_cpu_32,32,4,0.22654313792008907,0.2165431419853121,0.003212766954675317,a55fb201f403e1f3ce86ad27e8dfe33643f60b074d24f039992a1c17595ceb54,aeb46414cae2085e9680492e45304f2f539f7295fa0fd7d44ea26ca34dbc6013
Z8_R10,rtx5090,32,0,0.14112338901031762,0.13019313907716423,0.004454843001440167,59b5ee3923f017dfbd08b7c83714eaccdba2ef0d1769f82bb7ddabd518950f4d,4739bfb38d2ac2b7ebe3df0ffd32a5ac135cfbdb147fe180af18d9b7c6b233c4
Z8_R10,rtx5090,32,1,0.14039026899263263,0.12906191195361316,0.003970619989559054,59b5ee3923f017dfbd08b7c83714eaccdba2ef0d1769f82bb7ddabd518950f4d,4739bfb38d2ac2b7ebe3df0ffd32a5ac135cfbdb147fe180af18d9b7c6b233c4
Z8_R10,rtx5090,32,2,0.14010550605598837,0.13014710997231305,0.004282131092622876,59b5ee3923f017dfbd08b7c83714eaccdba2ef0d1769f82bb7ddabd518950f4d,4739bfb38d2ac2b7ebe3df0ffd32a5ac135cfbdb147fe180af18d9b7c6b233c4
Z8_R10,rtx5090,32,3,0.13820249494165182,0.12998483201954514,0.002932850969955325,59b5ee3923f017dfbd08b7c83714eaccdba2ef0d1769f82bb7ddabd518950f4d,4739bfb38d2ac2b7ebe3df0ffd32a5ac135cfbdb147fe180af18d9b7c6b233c4
Z8_R10,rtx5090,32,4,0.13977168302517384,0.1296047039795667,0.0032726179342716932,59b5ee3923f017dfbd08b7c83714eaccdba2ef0d1769f82bb7ddabd518950f4d,4739bfb38d2ac2b7ebe3df0ffd32a5ac135cfbdb147fe180af18d9b7c6b233c4
Z25_R10,apple_fk_serial,1,0,0.692275249999966,0.6917056670001784,0.00048820799997884023,77549a8b8027073a7b92722aefb9698a305298647aafaecbf07ef6d152f7c3ce,6cf561368c5170e65c368a96c4f1b0a03bc5c5958f0eeb769adc4e60454c1d3c
Z25_R10,apple_fk_serial,1,1,0.6672043340001892,0.6666189170000507,0.0005095000001347216,77549a8b8027073a7b92722aefb9698a305298647aafaecbf07ef6d152f7c3ce,6cf561368c5170e65c368a96c4f1b0a03bc5c5958f0eeb769adc4e60454c1d3c
Z25_R10,apple_fk_serial,1,2,0.6723813749999863,0.6717915409999478,0.0004837500000576256,77549a8b8027073a7b92722aefb9698a305298647aafaecbf07ef6d152f7c3ce,6cf561368c5170e65c368a96c4f1b0a03bc5c5958f0eeb769adc4e60454c1d3c
Z25_R10,apple_fk_serial,1,3,0.684342875000084,0.6837528330001987,0.0005057910000232368,77549a8b8027073a7b92722aefb9698a305298647aafaecbf07ef6d152f7c3ce,6cf561368c5170e65c368a96c4f1b0a03bc5c5958f0eeb769adc4e60454c1d3c
Z25_R10,apple_fk_serial,1,4,0.6685412089998408,0.667969458000016,0.0004941669999425358,77549a8b8027073a7b92722aefb9698a305298647aafaecbf07ef6d152f7c3ce,6cf561368c5170e65c368a96c4f1b0a03bc5c5958f0eeb769adc4e60454c1d3c
Z25_R10,apple_fk_openmp,16,0,0.05832545800012667,0.05776520800009166,0.00048150000020541484,77549a8b8027073a7b92722aefb9698a305298647aafaecbf07ef6d152f7c3ce,6cf561368c5170e65c368a96c4f1b0a03bc5c5958f0eeb769adc4e60454c1d3c
Z25_R10,apple_fk_openmp,16,1,0.056095624999898064,0.05552350000016304,0.0004890419997991557,77549a8b8027073a7b92722aefb9698a305298647aafaecbf07ef6d152f7c3ce,6cf561368c5170e65c368a96c4f1b0a03bc5c5958f0eeb769adc4e60454c1d3c
Z25_R10,apple_fk_openmp,16,2,0.05780537500004357,0.05723670799989122,0.0004837499998302519,77549a8b8027073a7b92722aefb9698a305298647aafaecbf07ef6d152f7c3ce,6cf561368c5170e65c368a96c4f1b0a03bc5c5958f0eeb769adc4e60454c1d3c
Z25_R10,apple_fk_openmp,16,3,0.060139082999967286,0.05958766599997034,0.00044079199983571016,77549a8b8027073a7b92722aefb9698a305298647aafaecbf07ef6d152f7c3ce,6cf561368c5170e65c368a96c4f1b0a03bc5c5958f0eeb769adc4e60454c1d3c
Z25_R10,apple_fk_openmp,16,4,0.05768533299988121,0.05710241699989638,0.0004937080000217975,77549a8b8027073a7b92722aefb9698a305298647aafaecbf07ef6d152f7c3ce,6cf561368c5170e65c368a96c4f1b0a03bc5c5958f0eeb769adc4e60454c1d3c
Z25_R10,apple_cpu_1,1,0,0.7562987499998144,0.7531380000000354,0.001007999999956155,f2c47c3e135b2993034290c2129a693a59cfa2b14f94dd89ed404e06c883b81e,1c26ebb04c34aa7835161a03a6ce6654e08d0c23ed1cb5384e2519c6b921db8c
Z25_R10,apple_cpu_1,1,1,0.7490999170001942,0.7461829999999736,0.0009339999999156134,f2c47c3e135b2993034290c2129a693a59cfa2b14f94dd89ed404e06c883b81e,1c26ebb04c34aa7835161a03a6ce6654e08d0c23ed1cb5384e2519c6b921db8c
Z25_R10,apple_cpu_1,1,2,0.7532289999999193,0.7501960000001873,0.0009919999999965512,f2c47c3e135b2993034290c2129a693a59cfa2b14f94dd89ed404e06c883b81e,1c26ebb04c34aa7835161a03a6ce6654e08d0c23ed1cb5384e2519c6b921db8c
Z25_R10,apple_cpu_1,1,3,0.7555821670000569,0.7526189999998678,0.0009660000000621949,f2c47c3e135b2993034290c2129a693a59cfa2b14f94dd89ed404e06c883b81e,1c26ebb04c34aa7835161a03a6ce6654e08d0c23ed1cb5384e2519c6b921db8c
Z25_R10,apple_cpu_1,1,4,0.7516077919999589,0.7487349999998969,0.0009299999999257125,f2c47c3e135b2993034290c2129a693a59cfa2b14f94dd89ed404e06c883b81e,1c26ebb04c34aa7835161a03a6ce6654e08d0c23ed1cb5384e2519c6b921db8c
Z25_R10,apple_cpu_16,16,0,0.06822366699998383,0.06540799999993396,0.000933000000031825,f2c47c3e135b2993034290c2129a693a59cfa2b14f94dd89ed404e06c883b81e,1c26ebb04c34aa7835161a03a6ce6654e08d0c23ed1cb5384e2519c6b921db8c
Z25_R10,apple_cpu_16,16,1,0.06801770800007034,0.06517299999995885,0.0009939999999915017,f2c47c3e135b2993034290c2129a693a59cfa2b14f94dd89ed404e06c883b81e,1c26ebb04c34aa7835161a03a6ce6654e08d0c23ed1cb5384e2519c6b921db8c
Z25_R10,apple_cpu_16,16,2,0.07034654099993531,0.06744900000012422,0.0009800000000268483,f2c47c3e135b2993034290c2129a693a59cfa2b14f94dd89ed404e06c883b81e,1c26ebb04c34aa7835161a03a6ce6654e08d0c23ed1cb5384e2519c6b921db8c
Z25_R10,apple_cpu_16,16,3,0.06620487500003946,0.0633820000000469,0.0009249999998246494,f2c47c3e135b2993034290c2129a693a59cfa2b14f94dd89ed404e06c883b81e,1c26ebb04c34aa7835161a03a6ce6654e08d0c23ed1cb5384e2519c6b921db8c
Z25_R10,apple_cpu_16,16,4,0.06504766700004438,0.06254100000001017,0.0009119999999711581,f2c47c3e135b2993034290c2129a693a59cfa2b14f94dd89ed404e06c883b81e,1c26ebb04c34aa7835161a03a6ce6654e08d0c23ed1cb5384e2519c6b921db8c
Z25_R10,apple_mps,16,0,0.03892587500013178,0.03597800000011375,0.000998999999865191,93993fe93661b2afe8c3292bf33252ebd8030331155563a60a6db54136b26d44,5aea2827879864844c184d0e296bf8711e042d67c83afe011ec31959925c7e02
Z25_R10,apple_mps,16,1,0.0352991249999377,0.03256099999998696,0.0009360000001379376,93993fe93661b2afe8c3292bf33252ebd8030331155563a60a6db54136b26d44,5aea2827879864844c184d0e296bf8711e042d67c83afe011ec31959925c7e02
Z25_R10,apple_mps,16,2,0.03872587499995461,0.03583400000002257,0.0009720000000470463,93993fe93661b2afe8c3292bf33252ebd8030331155563a60a6db54136b26d44,5aea2827879864844c184d0e296bf8711e042d67c83afe011ec31959925c7e02
Z25_R10,apple_mps,16,3,0.03655225000011342,0.033777999999983876,0.0009260000001631852,93993fe93661b2afe8c3292bf33252ebd8030331155563a60a6db54136b26d44,5aea2827879864844c184d0e296bf8711e042d67c83afe011ec31959925c7e02
Z25_R10,apple_mps,16,4,0.03783225000006496,0.035087999999859676,0.0009139999999661086,93993fe93661b2afe8c3292bf33252ebd8030331155563a60a6db54136b26d44,5aea2827879864844c184d0e296bf8711e042d67c83afe011ec31959925c7e02
Z25_R10,remote_fk_serial,1,0,6.191780062974431,6.190391979995184,0.0011611169902607799,770e74f3351bf2ef19ad9d7d52f4da1728865f78d8204e0512fc8329d73dacfc,b5f3fbaf3f5077420cfc1c488b87862bf06c143dd25e60afd43e6012532d2c85
Z25_R10,remote_fk_serial,1,1,6.011955371010117,6.009540952043608,0.0021121309837326407,770e74f3351bf2ef19ad9d7d52f4da1728865f78d8204e0512fc8329d73dacfc,b5f3fbaf3f5077420cfc1c488b87862bf06c143dd25e60afd43e6012532d2c85
Z25_R10,remote_fk_serial,1,2,6.349649139097892,6.347653205040842,0.0016702129505574703,770e74f3351bf2ef19ad9d7d52f4da1728865f78d8204e0512fc8329d73dacfc,b5f3fbaf3f5077420cfc1c488b87862bf06c143dd25e60afd43e6012532d2c85
Z25_R10,remote_fk_serial,1,3,6.34889283310622,6.347109638969414,0.0015213129809126258,770e74f3351bf2ef19ad9d7d52f4da1728865f78d8204e0512fc8329d73dacfc,b5f3fbaf3f5077420cfc1c488b87862bf06c143dd25e60afd43e6012532d2c85
Z25_R10,remote_fk_serial,1,4,6.304449291084893,6.302703316905536,0.0014717290177941322,770e74f3351bf2ef19ad9d7d52f4da1728865f78d8204e0512fc8329d73dacfc,b5f3fbaf3f5077420cfc1c488b87862bf06c143dd25e60afd43e6012532d2c85
Z25_R10,remote_fk_openmp,32,0,0.5298803889891133,0.5284003119450063,0.00123062904458493,770e74f3351bf2ef19ad9d7d52f4da1728865f78d8204e0512fc8329d73dacfc,b5f3fbaf3f5077420cfc1c488b87862bf06c143dd25e60afd43e6012532d2c85
Z25_R10,remote_fk_openmp,32,1,0.4953448009910062,0.4934705550549552,0.0015594749711453915,770e74f3351bf2ef19ad9d7d52f4da1728865f78d8204e0512fc8329d73dacfc,b5f3fbaf3f5077420cfc1c488b87862bf06c143dd25e60afd43e6012532d2c85
Z25_R10,remote_fk_openmp,32,2,0.48176306299865246,0.48027062392793596,0.0012734279735013843,770e74f3351bf2ef19ad9d7d52f4da1728865f78d8204e0512fc8329d73dacfc,b5f3fbaf3f5077420cfc1c488b87862bf06c143dd25e60afd43e6012532d2c85
Z25_R10,remote_fk_openmp,32,3,0.4206090539228171,0.4191199610941112,0.0012566869845613837,770e74f3351bf2ef19ad9d7d52f4da1728865f78d8204e0512fc8329d73dacfc,b5f3fbaf3f5077420cfc1c488b87862bf06c143dd25e60afd43e6012532d2c85
Z25_R10,remote_fk_openmp,32,4,0.4858462209813297,0.4839920640224591,0.0016294149681925774,770e74f3351bf2ef19ad9d7d52f4da1728865f78d8204e0512fc8329d73dacfc,b5f3fbaf3f5077420cfc1c488b87862bf06c143dd25e60afd43e6012532d2c85
Z25_R10,remote_cpu_1,1,0,4.493276470922865,4.482605149969459,0.004408958018757403,b1c4b6fa3276a12ec18379b34da1d583c1a6ab3a44e467b0fff13ce18c6ae72e,2b608aa34ac48b01cded7f764d65c759dfbe058c5333dd2b9e04eb86e117586e
Z25_R10,remote_cpu_1,1,1,4.392959626973607,4.382432901998982,0.003776403027586639,b1c4b6fa3276a12ec18379b34da1d583c1a6ab3a44e467b0fff13ce18c6ae72e,2b608aa34ac48b01cded7f764d65c759dfbe058c5333dd2b9e04eb86e117586e
Z25_R10,remote_cpu_1,1,2,4.432193052954972,4.421539811999537,0.004156064009293914,b1c4b6fa3276a12ec18379b34da1d583c1a6ab3a44e467b0fff13ce18c6ae72e,2b608aa34ac48b01cded7f764d65c759dfbe058c5333dd2b9e04eb86e117586e
Z25_R10,remote_cpu_1,1,3,4.3436964330030605,4.333969780011103,0.0039006159640848637,b1c4b6fa3276a12ec18379b34da1d583c1a6ab3a44e467b0fff13ce18c6ae72e,2b608aa34ac48b01cded7f764d65c759dfbe058c5333dd2b9e04eb86e117586e
Z25_R10,remote_cpu_1,1,4,4.332039015018381,4.3231785940006375,0.002877983031794429,b1c4b6fa3276a12ec18379b34da1d583c1a6ab3a44e467b0fff13ce18c6ae72e,2b608aa34ac48b01cded7f764d65c759dfbe058c5333dd2b9e04eb86e117586e
Z25_R10,remote_cpu_32,32,0,0.36100666399579495,0.3520592109998688,0.0033316899789497256,b1c4b6fa3276a12ec18379b34da1d583c1a6ab3a44e467b0fff13ce18c6ae72e,2b608aa34ac48b01cded7f764d65c759dfbe058c5333dd2b9e04eb86e117586e
Z25_R10,remote_cpu_32,32,1,0.360610760981217,0.35120128805283457,0.0023335920413956046,b1c4b6fa3276a12ec18379b34da1d583c1a6ab3a44e467b0fff13ce18c6ae72e,2b608aa34ac48b01cded7f764d65c759dfbe058c5333dd2b9e04eb86e117586e
Z25_R10,remote_cpu_32,32,2,0.33995316503569484,0.33035979699343443,0.0033297300105914474,b1c4b6fa3276a12ec18379b34da1d583c1a6ab3a44e467b0fff13ce18c6ae72e,2b608aa34ac48b01cded7f764d65c759dfbe058c5333dd2b9e04eb86e117586e
Z25_R10,remote_cpu_32,32,3,0.3802134310826659,0.3684990730835125,0.004489509970881045,b1c4b6fa3276a12ec18379b34da1d583c1a6ab3a44e467b0fff13ce18c6ae72e,2b608aa34ac48b01cded7f764d65c759dfbe058c5333dd2b9e04eb86e117586e
Z25_R10,remote_cpu_32,32,4,0.382422287017107,0.3718452410539612,0.003936011926271021,b1c4b6fa3276a12ec18379b34da1d583c1a6ab3a44e467b0fff13ce18c6ae72e,2b608aa34ac48b01cded7f764d65c759dfbe058c5333dd2b9e04eb86e117586e
Z25_R10,rtx5090,32,0,0.2313444190658629,0.22002738004084677,0.003829692956060171,78dc72df3ee793fcc1af7367f83cb71871b436787ae315f9139d10ab914339d7,955542da31ca21645002f7f56284cbc8e02757fc89e0620095da9e97df8b18ce
Z25_R10,rtx5090,32,1,0.2344266149448231,0.22518808604218066,0.002965542022138834,78dc72df3ee793fcc1af7367f83cb71871b436787ae315f9139d10ab914339d7,955542da31ca21645002f7f56284cbc8e02757fc89e0620095da9e97df8b18ce
Z25_R10,rtx5090,32,2,0.23433954699430615,0.22440497006755322,0.0038118900265544653,78dc72df3ee793fcc1af7367f83cb71871b436787ae315f9139d10ab914339d7,955542da31ca21645002f7f56284cbc8e02757fc89e0620095da9e97df8b18ce
Z25_R10,rtx5090,32,3,0.2441231571137905,0.23508575407322496,0.00326258793938905,78dc72df3ee793fcc1af7367f83cb71871b436787ae315f9139d10ab914339d7,955542da31ca21645002f7f56284cbc8e02757fc89e0620095da9e97df8b18ce
Z25_R10,rtx5090,32,4,0.24070935195777565,0.22988266905304044,0.004214202985167503,78dc72df3ee793fcc1af7367f83cb71871b436787ae315f9139d10ab914339d7,955542da31ca21645002f7f56284cbc8e02757fc89e0620095da9e97df8b18ce
Z45_R10,apple_fk_serial,1,0,0.6681824999998298,0.6676166249999369,0.0004847919999519945,65899747b4ba3989d156f0f2f6fa37ac013b8ea9a1d49a8f890896052c62d337,7050ad659b2657bd8f84bf1d3b5e5552641f63612a23a030e22646de7eb6d8c6
Z45_R10,apple_fk_serial,1,1,0.6688745410001502,0.668303208999987,0.0004892079998626286,65899747b4ba3989d156f0f2f6fa37ac013b8ea9a1d49a8f890896052c62d337,7050ad659b2657bd8f84bf1d3b5e5552641f63612a23a030e22646de7eb6d8c6
Z45_R10,apple_fk_serial,1,2,0.6570619999999963,0.6564787919999162,0.0004992079998373811,65899747b4ba3989d156f0f2f6fa37ac013b8ea9a1d49a8f890896052c62d337,7050ad659b2657bd8f84bf1d3b5e5552641f63612a23a030e22646de7eb6d8c6
Z45_R10,apple_fk_serial,1,3,0.6637235830000918,0.6631595829999242,0.0004714579999927082,65899747b4ba3989d156f0f2f6fa37ac013b8ea9a1d49a8f890896052c62d337,7050ad659b2657bd8f84bf1d3b5e5552641f63612a23a030e22646de7eb6d8c6
Z45_R10,apple_fk_serial,1,4,0.6698952910001026,0.6693197920001239,0.0004986670001017046,65899747b4ba3989d156f0f2f6fa37ac013b8ea9a1d49a8f890896052c62d337,7050ad659b2657bd8f84bf1d3b5e5552641f63612a23a030e22646de7eb6d8c6
Z45_R10,apple_fk_openmp,16,0,0.06595916699984627,0.06539520899991658,0.00048704200003157894,65899747b4ba3989d156f0f2f6fa37ac013b8ea9a1d49a8f890896052c62d337,7050ad659b2657bd8f84bf1d3b5e5552641f63612a23a030e22646de7eb6d8c6
Z45_R10,apple_fk_openmp,16,1,0.056916750000027605,0.056281791999936104,0.000559874999908061,65899747b4ba3989d156f0f2f6fa37ac013b8ea9a1d49a8f890896052c62d337,7050ad659b2657bd8f84bf1d3b5e5552641f63612a23a030e22646de7eb6d8c6
Z45_R10,apple_fk_openmp,16,2,0.060656791999917914,0.060082582999939405,0.0004761669999879814,65899747b4ba3989d156f0f2f6fa37ac013b8ea9a1d49a8f890896052c62d337,7050ad659b2657bd8f84bf1d3b5e5552641f63612a23a030e22646de7eb6d8c6
Z45_R10,apple_fk_openmp,16,3,0.05877245800002129,0.058137874999829364,0.0005232089999935852,65899747b4ba3989d156f0f2f6fa37ac013b8ea9a1d49a8f890896052c62d337,7050ad659b2657bd8f84bf1d3b5e5552641f63612a23a030e22646de7eb6d8c6
Z45_R10,apple_fk_openmp,16,4,0.06128491700019367,0.06072008299997833,0.00047679099998276797,65899747b4ba3989d156f0f2f6fa37ac013b8ea9a1d49a8f890896052c62d337,7050ad659b2657bd8f84bf1d3b5e5552641f63612a23a030e22646de7eb6d8c6
Z45_R10,apple_cpu_1,1,0,0.7489400000001751,0.7462329999998474,0.0009520000000975415,17868e29707f5178fc72585d56c6c428005329049397e520f524a052586af86a,10f4f77243816ec9bb2d12847024913c572cbc460fcaab619f22a78b4ef10d84
Z45_R10,apple_cpu_1,1,1,0.7500514579999162,0.7469550000000709,0.0010889999998653366,17868e29707f5178fc72585d56c6c428005329049397e520f524a052586af86a,10f4f77243816ec9bb2d12847024913c572cbc460fcaab619f22a78b4ef10d84
Z45_R10,apple_cpu_1,1,2,0.7296073330001036,0.7269740000001548,0.0009219999999459105,17868e29707f5178fc72585d56c6c428005329049397e520f524a052586af86a,10f4f77243816ec9bb2d12847024913c572cbc460fcaab619f22a78b4ef10d84
Z45_R10,apple_cpu_1,1,3,0.7592399160000696,0.7563519999998789,0.0009400000001278386,17868e29707f5178fc72585d56c6c428005329049397e520f524a052586af86a,10f4f77243816ec9bb2d12847024913c572cbc460fcaab619f22a78b4ef10d84
Z45_R10,apple_cpu_1,1,4,0.7610990829998627,0.758199999999988,0.0009659999998348212,17868e29707f5178fc72585d56c6c428005329049397e520f524a052586af86a,10f4f77243816ec9bb2d12847024913c572cbc460fcaab619f22a78b4ef10d84
Z45_R10,apple_cpu_16,16,0,0.06573741600004723,0.06301199999984419,0.0009300000001530861,17868e29707f5178fc72585d56c6c428005329049397e520f524a052586af86a,10f4f77243816ec9bb2d12847024913c572cbc460fcaab619f22a78b4ef10d84
Z45_R10,apple_cpu_16,16,1,0.06573645799994665,0.06290100000001075,0.0009210000000621221,17868e29707f5178fc72585d56c6c428005329049397e520f524a052586af86a,10f4f77243816ec9bb2d12847024913c572cbc460fcaab619f22a78b4ef10d84
Z45_R10,apple_cpu_16,16,2,0.06366941700002826,0.061150999999881606,0.0009259999999358115,17868e29707f5178fc72585d56c6c428005329049397e520f524a052586af86a,10f4f77243816ec9bb2d12847024913c572cbc460fcaab619f22a78b4ef10d84
Z45_R10,apple_cpu_16,16,3,0.06816587499997695,0.06529699999987315,0.0010050000000774162,17868e29707f5178fc72585d56c6c428005329049397e520f524a052586af86a,10f4f77243816ec9bb2d12847024913c572cbc460fcaab619f22a78b4ef10d84
Z45_R10,apple_cpu_16,16,4,0.07573904199989556,0.07296900000005735,0.0009579999998550193,17868e29707f5178fc72585d56c6c428005329049397e520f524a052586af86a,10f4f77243816ec9bb2d12847024913c572cbc460fcaab619f22a78b4ef10d84
Z45_R10,apple_mps,16,0,0.03772358399987752,0.03501600000004146,0.000914999999849897,3b34b9da10cebdf908f0ad0f6e8f355ed7f12a1831e6b2c0893e68601d86b62e,d8c9b2340ebf7eeda793f3c423552e665cce4f1768114ceb15a41395365d7287
Z45_R10,apple_mps,16,1,0.03588824999997087,0.032995000000028085,0.0009480000001076405,3b34b9da10cebdf908f0ad0f6e8f355ed7f12a1831e6b2c0893e68601d86b62e,d8c9b2340ebf7eeda793f3c423552e665cce4f1768114ceb15a41395365d7287
Z45_R10,apple_mps,16,2,0.03751954099993782,0.03475899999989451,0.0009260000001631852,3b34b9da10cebdf908f0ad0f6e8f355ed7f12a1831e6b2c0893e68601d86b62e,d8c9b2340ebf7eeda793f3c423552e665cce4f1768114ceb15a41395365d7287
Z45_R10,apple_mps,16,3,0.035856582999940656,0.033235000000104264,0.0009620000000722939,3b34b9da10cebdf908f0ad0f6e8f355ed7f12a1831e6b2c0893e68601d86b62e,d8c9b2340ebf7eeda793f3c423552e665cce4f1768114ceb15a41395365d7287
Z45_R10,apple_mps,16,4,0.04180004199997711,0.03927500000008877,0.000914999999849897,3b34b9da10cebdf908f0ad0f6e8f355ed7f12a1831e6b2c0893e68601d86b62e,d8c9b2340ebf7eeda793f3c423552e665cce4f1768114ceb15a41395365d7287
Z45_R10,remote_fk_serial,1,0,6.153862377046607,6.152050017961301,0.0015634919982403517,03f3f418aa48b37b3155eb2813441c6d9a3fd9a9d3145abcccdd693014f1dbb3,43bddb1c50f856c93cdecadf2e1d8b892162872a56b1c272f62d5222209aa160
Z45_R10,remote_fk_serial,1,1,6.173657976905815,6.171863530995324,0.001491848030127585,03f3f418aa48b37b3155eb2813441c6d9a3fd9a9d3145abcccdd693014f1dbb3,43bddb1c50f856c93cdecadf2e1d8b892162872a56b1c272f62d5222209aa160
Z45_R10,remote_fk_serial,1,2,6.087679550983012,6.085850861971267,0.0015525419730693102,03f3f418aa48b37b3155eb2813441c6d9a3fd9a9d3145abcccdd693014f1dbb3,43bddb1c50f856c93cdecadf2e1d8b892162872a56b1c272f62d5222209aa160
Z45_R10,remote_fk_serial,1,3,6.1790656100492924,6.177313394960947,0.0014740839833393693,03f3f418aa48b37b3155eb2813441c6d9a3fd9a9d3145abcccdd693014f1dbb3,43bddb1c50f856c93cdecadf2e1d8b892162872a56b1c272f62d5222209aa160
Z45_R10,remote_fk_serial,1,4,6.060884136008099,6.058913409942761,0.0016292749205604196,03f3f418aa48b37b3155eb2813441c6d9a3fd9a9d3145abcccdd693014f1dbb3,43bddb1c50f856c93cdecadf2e1d8b892162872a56b1c272f62d5222209aa160
Z45_R10,remote_fk_openmp,32,0,0.4981742309173569,0.4967513820156455,0.0012037380365654826,03f3f418aa48b37b3155eb2813441c6d9a3fd9a9d3145abcccdd693014f1dbb3,43bddb1c50f856c93cdecadf2e1d8b892162872a56b1c272f62d5222209aa160
Z45_R10,remote_fk_openmp,32,1,0.48156599199865013,0.46928085293620825,0.012037915992550552,03f3f418aa48b37b3155eb2813441c6d9a3fd9a9d3145abcccdd693014f1dbb3,43bddb1c50f856c93cdecadf2e1d8b892162872a56b1c272f62d5222209aa160
Z45_R10,remote_fk_openmp,32,2,0.48257018998265266,0.48111360904295,0.0012324710842221975,03f3f418aa48b37b3155eb2813441c6d9a3fd9a9d3145abcccdd693014f1dbb3,43bddb1c50f856c93cdecadf2e1d8b892162872a56b1c272f62d5222209aa160
Z45_R10,remote_fk_openmp,32,3,0.48559748800471425,0.4840904719894752,0.001283316989429295,03f3f418aa48b37b3155eb2813441c6d9a3fd9a9d3145abcccdd693014f1dbb3,43bddb1c50f856c93cdecadf2e1d8b892162872a56b1c272f62d5222209aa160
Z45_R10,remote_fk_openmp,32,4,0.4977528329472989,0.4961629529716447,0.0013103469973430037,03f3f418aa48b37b3155eb2813441c6d9a3fd9a9d3145abcccdd693014f1dbb3,43bddb1c50f856c93cdecadf2e1d8b892162872a56b1c272f62d5222209aa160
Z45_R10,remote_cpu_1,1,0,4.312695991946384,4.302249350002967,0.004318770952522755,0dece648fcd4807dbda4ecbccbe0efa07155b398707c5ff983ef4f9ca6e6350e,f7c4d8d5bfbc5f9f2b0417425cd3c62c045e4ffa66ebd5a1618b2f2efe626b23
Z45_R10,remote_cpu_1,1,1,4.381897326908074,4.37114165793173,0.003945958917029202,0dece648fcd4807dbda4ecbccbe0efa07155b398707c5ff983ef4f9ca6e6350e,f7c4d8d5bfbc5f9f2b0417425cd3c62c045e4ffa66ebd5a1618b2f2efe626b23
Z45_R10,remote_cpu_1,1,2,4.324463847093284,4.310744274989702,0.004259728942997754,0dece648fcd4807dbda4ecbccbe0efa07155b398707c5ff983ef4f9ca6e6350e,f7c4d8d5bfbc5f9f2b0417425cd3c62c045e4ffa66ebd5a1618b2f2efe626b23
Z45_R10,remote_cpu_1,1,3,4.303412545006722,4.292796980007552,0.00445619598031044,0dece648fcd4807dbda4ecbccbe0efa07155b398707c5ff983ef4f9ca6e6350e,f7c4d8d5bfbc5f9f2b0417425cd3c62c045e4ffa66ebd5a1618b2f2efe626b23
Z45_R10,remote_cpu_1,1,4,4.346400760114193,4.335844426997937,0.004196856985799968,0dece648fcd4807dbda4ecbccbe0efa07155b398707c5ff983ef4f9ca6e6350e,f7c4d8d5bfbc5f9f2b0417425cd3c62c045e4ffa66ebd5a1618b2f2efe626b23
Z45_R10,remote_cpu_32,32,0,0.37160663306713104,0.3607051920844242,0.004285671981051564,0dece648fcd4807dbda4ecbccbe0efa07155b398707c5ff983ef4f9ca6e6350e,f7c4d8d5bfbc5f9f2b0417425cd3c62c045e4ffa66ebd5a1618b2f2efe626b23
Z45_R10,remote_cpu_32,32,1,0.36047314398456365,0.3494876690674573,0.004039914929307997,0dece648fcd4807dbda4ecbccbe0efa07155b398707c5ff983ef4f9ca6e6350e,f7c4d8d5bfbc5f9f2b0417425cd3c62c045e4ffa66ebd5a1618b2f2efe626b23
Z45_R10,remote_cpu_32,32,2,0.3856228889198974,0.37708651600405574,0.0024613180430606008,0dece648fcd4807dbda4ecbccbe0efa07155b398707c5ff983ef4f9ca6e6350e,f7c4d8d5bfbc5f9f2b0417425cd3c62c045e4ffa66ebd5a1618b2f2efe626b23
Z45_R10,remote_cpu_32,32,3,0.34421867900528014,0.3358957329764962,0.002790702972561121,0dece648fcd4807dbda4ecbccbe0efa07155b398707c5ff983ef4f9ca6e6350e,f7c4d8d5bfbc5f9f2b0417425cd3c62c045e4ffa66ebd5a1618b2f2efe626b23
Z45_R10,remote_cpu_32,32,4,0.3627990299137309,0.3520910379011184,0.004406313062645495,0dece648fcd4807dbda4ecbccbe0efa07155b398707c5ff983ef4f9ca6e6350e,f7c4d8d5bfbc5f9f2b0417425cd3c62c045e4ffa66ebd5a1618b2f2efe626b23
Z45_R10,rtx5090,32,0,0.2303340610815212,0.22063546197023243,0.0032282499596476555,c5f14a101570c1c43aeca75dbbea6350c850c0f2ea61e234f247f200f57c173f,a6635c92addfc01d08c38ea157a19f79fe71b6effd0d2e2c160295c6b026701c
Z45_R10,rtx5090,32,1,0.23101907700765878,0.22158127499278635,0.002844420028850436,c5f14a101570c1c43aeca75dbbea6350c850c0f2ea61e234f247f200f57c173f,a6635c92addfc01d08c38ea157a19f79fe71b6effd0d2e2c160295c6b026701c
Z45_R10,rtx5090,32,2,0.23326597700361162,0.222376549965702,0.00447854190133512,c5f14a101570c1c43aeca75dbbea6350c850c0f2ea61e234f247f200f57c173f,a6635c92addfc01d08c38ea157a19f79fe71b6effd0d2e2c160295c6b026701c
Z45_R10,rtx5090,32,3,0.23129153402987868,0.2227090570377186,0.0030397720402106643,c5f14a101570c1c43aeca75dbbea6350c850c0f2ea61e234f247f200f57c173f,a6635c92addfc01d08c38ea157a19f79fe71b6effd0d2e2c160295c6b026701c
Z45_R10,rtx5090,32,4,0.23315263609401882,0.22433769097551703,0.0026475379709154367,c5f14a101570c1c43aeca75dbbea6350c850c0f2ea61e234f247f200f57c173f,a6635c92addfc01d08c38ea157a19f79fe71b6effd0d2e2c160295c6b026701c
Z8_R1,apple_fk_serial,1,0,0.23820787499994367,0.2376372920000449,0.0004951660000642732,eb1e4694e73c95841c3c30ca2e1e281c19358171353f3cc4bad6b30c11bb08b8,3279b77fb84413e325329debe323df1bc68b260ae445c296841c4de56a21252e
Z8_R1,apple_fk_serial,1,1,0.23750529199992343,0.2369575000000168,0.0004713340001671895,eb1e4694e73c95841c3c30ca2e1e281c19358171353f3cc4bad6b30c11bb08b8,3279b77fb84413e325329debe323df1bc68b260ae445c296841c4de56a21252e
Z8_R1,apple_fk_serial,1,2,0.2398113750000448,0.23924312500002998,0.0004904580000584247,eb1e4694e73c95841c3c30ca2e1e281c19358171353f3cc4bad6b30c11bb08b8,3279b77fb84413e325329debe323df1bc68b260ae445c296841c4de56a21252e
Z8_R1,apple_fk_serial,1,3,0.23616816600019774,0.23561791600013748,0.0004753330001676659,eb1e4694e73c95841c3c30ca2e1e281c19358171353f3cc4bad6b30c11bb08b8,3279b77fb84413e325329debe323df1bc68b260ae445c296841c4de56a21252e
Z8_R1,apple_fk_serial,1,4,0.24118462499995985,0.2405751659998714,0.000525999999808846,eb1e4694e73c95841c3c30ca2e1e281c19358171353f3cc4bad6b30c11bb08b8,3279b77fb84413e325329debe323df1bc68b260ae445c296841c4de56a21252e
Z8_R1,apple_fk_openmp,16,0,0.02330249999999978,0.022733666000021913,0.0004871250000633154,eb1e4694e73c95841c3c30ca2e1e281c19358171353f3cc4bad6b30c11bb08b8,3279b77fb84413e325329debe323df1bc68b260ae445c296841c4de56a21252e
Z8_R1,apple_fk_openmp,16,1,0.022350916000050347,0.02182387499988181,0.0004445839999789314,eb1e4694e73c95841c3c30ca2e1e281c19358171353f3cc4bad6b30c11bb08b8,3279b77fb84413e325329debe323df1bc68b260ae445c296841c4de56a21252e
Z8_R1,apple_fk_openmp,16,2,0.02255474999992657,0.02198570799987465,0.0004772500001308799,eb1e4694e73c95841c3c30ca2e1e281c19358171353f3cc4bad6b30c11bb08b8,3279b77fb84413e325329debe323df1bc68b260ae445c296841c4de56a21252e
Z8_R1,apple_fk_openmp,16,3,0.0220080419999249,0.021500249999917287,0.0004466249999950378,eb1e4694e73c95841c3c30ca2e1e281c19358171353f3cc4bad6b30c11bb08b8,3279b77fb84413e325329debe323df1bc68b260ae445c296841c4de56a21252e
Z8_R1,apple_fk_openmp,16,4,0.048386707999952705,0.047777209000059884,0.0005105830000502465,eb1e4694e73c95841c3c30ca2e1e281c19358171353f3cc4bad6b30c11bb08b8,3279b77fb84413e325329debe323df1bc68b260ae445c296841c4de56a21252e
Z8_R1,apple_cpu_1,1,0,0.5674495410000873,0.5645030000000588,0.0010090000000673172,860104d40814c78877c22b81a6d0302754e6c4d8e4100876700610e46cb02eca,82fa129b02101d1d8854a5e719ee13efccb1e0ee9b4ea6a004ac8b1c2cd6c88b
Z8_R1,apple_cpu_1,1,1,0.5691904579998663,0.5665759999999409,0.0009860000000116997,860104d40814c78877c22b81a6d0302754e6c4d8e4100876700610e46cb02eca,82fa129b02101d1d8854a5e719ee13efccb1e0ee9b4ea6a004ac8b1c2cd6c88b
Z8_R1,apple_cpu_1,1,2,0.5699996660000579,0.5673330000001897,0.0009589999999661813,860104d40814c78877c22b81a6d0302754e6c4d8e4100876700610e46cb02eca,82fa129b02101d1d8854a5e719ee13efccb1e0ee9b4ea6a004ac8b1c2cd6c88b
Z8_R1,apple_cpu_1,1,3,0.5613920839998627,0.5587129999998979,0.000937000000021726,860104d40814c78877c22b81a6d0302754e6c4d8e4100876700610e46cb02eca,82fa129b02101d1d8854a5e719ee13efccb1e0ee9b4ea6a004ac8b1c2cd6c88b
Z8_R1,apple_cpu_1,1,4,0.5640265829999862,0.5610639999999876,0.0009599999998499698,860104d40814c78877c22b81a6d0302754e6c4d8e4100876700610e46cb02eca,82fa129b02101d1d8854a5e719ee13efccb1e0ee9b4ea6a004ac8b1c2cd6c88b
Z8_R1,apple_cpu_16,16,0,0.061544791999949666,0.05907799999999952,0.0009059999999863066,860104d40814c78877c22b81a6d0302754e6c4d8e4100876700610e46cb02eca,82fa129b02101d1d8854a5e719ee13efccb1e0ee9b4ea6a004ac8b1c2cd6c88b
Z8_R1,apple_cpu_16,16,1,0.04850941600011538,0.04581200000006902,0.0009760000000369473,860104d40814c78877c22b81a6d0302754e6c4d8e4100876700610e46cb02eca,82fa129b02101d1d8854a5e719ee13efccb1e0ee9b4ea6a004ac8b1c2cd6c88b
Z8_R1,apple_cpu_16,16,2,0.04890324999996665,0.04638299999987794,0.0009230000000570726,860104d40814c78877c22b81a6d0302754e6c4d8e4100876700610e46cb02eca,82fa129b02101d1d8854a5e719ee13efccb1e0ee9b4ea6a004ac8b1c2cd6c88b
Z8_R1,apple_cpu_16,16,3,0.048585291999870606,0.04593099999988226,0.0009280000001581357,860104d40814c78877c22b81a6d0302754e6c4d8e4100876700610e46cb02eca,82fa129b02101d1d8854a5e719ee13efccb1e0ee9b4ea6a004ac8b1c2cd6c88b
Z8_R1,apple_cpu_16,16,4,0.050834207999969294,0.04810399999996662,0.0009029999998801941,860104d40814c78877c22b81a6d0302754e6c4d8e4100876700610e46cb02eca,82fa129b02101d1d8854a5e719ee13efccb1e0ee9b4ea6a004ac8b1c2cd6c88b
Z8_R1,apple_mps,16,0,0.028813291000005847,0.02613300000007257,0.00099499999987529,b7d94abd0b197269da48e62a7ba7ed91e65983afb0900f4cd25d87ec2bd9e7d6,83d48e558ca9cf17e3137d72f66050a3e3be5ac5858ded1e3f60c314aa34a110
Z8_R1,apple_mps,16,1,0.024784624999938387,0.022305000000187647,0.0009299999999257125,b7d94abd0b197269da48e62a7ba7ed91e65983afb0900f4cd25d87ec2bd9e7d6,83d48e558ca9cf17e3137d72f66050a3e3be5ac5858ded1e3f60c314aa34a110
Z8_R1,apple_mps,16,2,0.02517991699983213,0.022608999999874868,0.0009210000000621221,b7d94abd0b197269da48e62a7ba7ed91e65983afb0900f4cd25d87ec2bd9e7d6,83d48e558ca9cf17e3137d72f66050a3e3be5ac5858ded1e3f60c314aa34a110
Z8_R1,apple_mps,16,3,0.025626708000118015,0.023123999999825173,0.0009070000000974687,b7d94abd0b197269da48e62a7ba7ed91e65983afb0900f4cd25d87ec2bd9e7d6,83d48e558ca9cf17e3137d72f66050a3e3be5ac5858ded1e3f60c314aa34a110
Z8_R1,apple_mps,16,4,0.025720792000129222,0.022913000000016837,0.0009379999999055144,b7d94abd0b197269da48e62a7ba7ed91e65983afb0900f4cd25d87ec2bd9e7d6,83d48e558ca9cf17e3137d72f66050a3e3be5ac5858ded1e3f60c314aa34a110
Z8_R1,remote_fk_serial,1,0,1.7230856450041756,1.721567529020831,0.001263769925571978,58baf6cae0e5cd41b21eecaf0982ea14322a7fc2cca4aaa490c44700c58ab1e0,5f6637aa0e3bb33515bcb6ebd7caeed3a86c7ff3685cec0ba9811610f9420ccf
Z8_R1,remote_fk_serial,1,1,1.7441642460180447,1.742291423957795,0.0015670289285480976,58baf6cae0e5cd41b21eecaf0982ea14322a7fc2cca4aaa490c44700c58ab1e0,5f6637aa0e3bb33515bcb6ebd7caeed3a86c7ff3685cec0ba9811610f9420ccf
Z8_R1,remote_fk_serial,1,2,1.686772785964422,1.6851275810040534,0.0013188529992476106,58baf6cae0e5cd41b21eecaf0982ea14322a7fc2cca4aaa490c44700c58ab1e0,5f6637aa0e3bb33515bcb6ebd7caeed3a86c7ff3685cec0ba9811610f9420ccf
Z8_R1,remote_fk_serial,1,3,1.6603696789825335,1.658587155980058,0.0015052430098876357,58baf6cae0e5cd41b21eecaf0982ea14322a7fc2cca4aaa490c44700c58ab1e0,5f6637aa0e3bb33515bcb6ebd7caeed3a86c7ff3685cec0ba9811610f9420ccf
Z8_R1,remote_fk_serial,1,4,1.7105038240551949,1.7087294260272756,0.0014945430448278785,58baf6cae0e5cd41b21eecaf0982ea14322a7fc2cca4aaa490c44700c58ab1e0,5f6637aa0e3bb33515bcb6ebd7caeed3a86c7ff3685cec0ba9811610f9420ccf
Z8_R1,remote_fk_openmp,32,0,0.1685331140179187,0.16699481895193458,0.0013216490624472499,58baf6cae0e5cd41b21eecaf0982ea14322a7fc2cca4aaa490c44700c58ab1e0,5f6637aa0e3bb33515bcb6ebd7caeed3a86c7ff3685cec0ba9811610f9420ccf
Z8_R1,remote_fk_openmp,32,1,0.16951686202082783,0.1678991779917851,0.0013260770356282592,58baf6cae0e5cd41b21eecaf0982ea14322a7fc2cca4aaa490c44700c58ab1e0,5f6637aa0e3bb33515bcb6ebd7caeed3a86c7ff3685cec0ba9811610f9420ccf
Z8_R1,remote_fk_openmp,32,2,0.17302483296953142,0.17127169598825276,0.0015132579719647765,58baf6cae0e5cd41b21eecaf0982ea14322a7fc2cca4aaa490c44700c58ab1e0,5f6637aa0e3bb33515bcb6ebd7caeed3a86c7ff3685cec0ba9811610f9420ccf
Z8_R1,remote_fk_openmp,32,3,0.15146689407993108,0.14991181797813624,0.001331066945567727,58baf6cae0e5cd41b21eecaf0982ea14322a7fc2cca4aaa490c44700c58ab1e0,5f6637aa0e3bb33515bcb6ebd7caeed3a86c7ff3685cec0ba9811610f9420ccf
Z8_R1,remote_fk_openmp,32,4,0.1562019530683756,0.1544285269919783,0.0015490760561078787,58baf6cae0e5cd41b21eecaf0982ea14322a7fc2cca4aaa490c44700c58ab1e0,5f6637aa0e3bb33515bcb6ebd7caeed3a86c7ff3685cec0ba9811610f9420ccf
Z8_R1,remote_cpu_1,1,0,2.3908137859543785,2.380414222017862,0.003952883998863399,d2606661e7d3c968e8dac429ad5fb348e3ba9f765ff2b0ed6783aa56bce8a830,5842d135cfd5c4222e850a2f8628a7b217f40935dba2bb5d672f1ac5eee73b57
Z8_R1,remote_cpu_1,1,1,2.3845292419428006,2.373137115035206,0.0044599479297176,d2606661e7d3c968e8dac429ad5fb348e3ba9f765ff2b0ed6783aa56bce8a830,5842d135cfd5c4222e850a2f8628a7b217f40935dba2bb5d672f1ac5eee73b57
Z8_R1,remote_cpu_1,1,2,2.349704171065241,2.3409865719731897,0.0032512879697605968,d2606661e7d3c968e8dac429ad5fb348e3ba9f765ff2b0ed6783aa56bce8a830,5842d135cfd5c4222e850a2f8628a7b217f40935dba2bb5d672f1ac5eee73b57
Z8_R1,remote_cpu_1,1,3,2.462910096044652,2.4360927239758894,0.003015536000020802,d2606661e7d3c968e8dac429ad5fb348e3ba9f765ff2b0ed6783aa56bce8a830,5842d135cfd5c4222e850a2f8628a7b217f40935dba2bb5d672f1ac5eee73b57
Z8_R1,remote_cpu_1,1,4,2.4542008580174297,2.44464727002196,0.003357456997036934,d2606661e7d3c968e8dac429ad5fb348e3ba9f765ff2b0ed6783aa56bce8a830,5842d135cfd5c4222e850a2f8628a7b217f40935dba2bb5d672f1ac5eee73b57
Z8_R1,remote_cpu_32,32,0,0.21834884397685528,0.20824915706180036,0.003536558011546731,d2606661e7d3c968e8dac429ad5fb348e3ba9f765ff2b0ed6783aa56bce8a830,5842d135cfd5c4222e850a2f8628a7b217f40935dba2bb5d672f1ac5eee73b57
Z8_R1,remote_cpu_32,32,1,0.2141932339873165,0.2023725979961455,0.0046259540831670165,d2606661e7d3c968e8dac429ad5fb348e3ba9f765ff2b0ed6783aa56bce8a830,5842d135cfd5c4222e850a2f8628a7b217f40935dba2bb5d672f1ac5eee73b57
Z8_R1,remote_cpu_32,32,2,0.22381387907080352,0.21514823695179075,0.0026549299946054816,d2606661e7d3c968e8dac429ad5fb348e3ba9f765ff2b0ed6783aa56bce8a830,5842d135cfd5c4222e850a2f8628a7b217f40935dba2bb5d672f1ac5eee73b57
Z8_R1,remote_cpu_32,32,3,0.20924618502613157,0.1993807969847694,0.003079805988818407,d2606661e7d3c968e8dac429ad5fb348e3ba9f765ff2b0ed6783aa56bce8a830,5842d135cfd5c4222e850a2f8628a7b217f40935dba2bb5d672f1ac5eee73b57
Z8_R1,remote_cpu_32,32,4,0.20575990399811417,0.19492401299066842,0.004420188022777438,d2606661e7d3c968e8dac429ad5fb348e3ba9f765ff2b0ed6783aa56bce8a830,5842d135cfd5c4222e850a2f8628a7b217f40935dba2bb5d672f1ac5eee73b57
Z8_R1,rtx5090,32,0,0.13111676997505128,0.12070122396107763,0.0033232729183509946,87835e812c8658d2d1eab298339621bf9651acefe6d726be20aa85b2d6dde96d,0622ad0f2c1f5ec17df063bd28250e362563514d5e43b06ebb71514bfb7eb371
Z8_R1,rtx5090,32,1,0.13386297901161015,0.1232882869662717,0.003788494970649481,87835e812c8658d2d1eab298339621bf9651acefe6d726be20aa85b2d6dde96d,0622ad0f2c1f5ec17df063bd28250e362563514d5e43b06ebb71514bfb7eb371
Z8_R1,rtx5090,32,2,0.13153993606101722,0.12058245798107237,0.0045464279828593135,87835e812c8658d2d1eab298339621bf9651acefe6d726be20aa85b2d6dde96d,0622ad0f2c1f5ec17df063bd28250e362563514d5e43b06ebb71514bfb7eb371
Z8_R1,rtx5090,32,3,0.13252502505201846,0.1215376480249688,0.0038404130609706044,87835e812c8658d2d1eab298339621bf9651acefe6d726be20aa85b2d6dde96d,0622ad0f2c1f5ec17df063bd28250e362563514d5e43b06ebb71514bfb7eb371
Z8_R1,rtx5090,32,4,0.11896755697671324,0.1084429060574621,0.003142534988000989,87835e812c8658d2d1eab298339621bf9651acefe6d726be20aa85b2d6dde96d,0622ad0f2c1f5ec17df063bd28250e362563514d5e43b06ebb71514bfb7eb371
Z8_R100,apple_fk_serial,1,0,0.542803375000176,0.5422068749999198,0.0005149170001459424,27152c300a5d5ee120e785e56d5a51e4159f29d369e1888f3c7af5098fa7c1d5,46992a1dd9fef7bd1da8938dee9d5e1c15cc9645313d7c6c6a562ef5dd42b999
Z8_R100,apple_fk_serial,1,1,0.5414117919999626,0.5408472090000487,0.0004846250001264707,27152c300a5d5ee120e785e56d5a51e4159f29d369e1888f3c7af5098fa7c1d5,46992a1dd9fef7bd1da8938dee9d5e1c15cc9645313d7c6c6a562ef5dd42b999
Z8_R100,apple_fk_serial,1,2,0.5530582500000492,0.5524995410000884,0.00048262499990414653,27152c300a5d5ee120e785e56d5a51e4159f29d369e1888f3c7af5098fa7c1d5,46992a1dd9fef7bd1da8938dee9d5e1c15cc9645313d7c6c6a562ef5dd42b999
Z8_R100,apple_fk_serial,1,3,0.5379249170000548,0.5373735829998623,0.0004726249999293941,27152c300a5d5ee120e785e56d5a51e4159f29d369e1888f3c7af5098fa7c1d5,46992a1dd9fef7bd1da8938dee9d5e1c15cc9645313d7c6c6a562ef5dd42b999
Z8_R100,apple_fk_serial,1,4,0.5434206669999639,0.5428676670001096,0.00047524999990855576,27152c300a5d5ee120e785e56d5a51e4159f29d369e1888f3c7af5098fa7c1d5,46992a1dd9fef7bd1da8938dee9d5e1c15cc9645313d7c6c6a562ef5dd42b999
Z8_R100,apple_fk_openmp,16,0,0.051792624999961845,0.05119920800007094,0.000508667000076457,27152c300a5d5ee120e785e56d5a51e4159f29d369e1888f3c7af5098fa7c1d5,46992a1dd9fef7bd1da8938dee9d5e1c15cc9645313d7c6c6a562ef5dd42b999
Z8_R100,apple_fk_openmp,16,1,0.0482049580000421,0.047652040999992096,0.0004779999999300344,27152c300a5d5ee120e785e56d5a51e4159f29d369e1888f3c7af5098fa7c1d5,46992a1dd9fef7bd1da8938dee9d5e1c15cc9645313d7c6c6a562ef5dd42b999
Z8_R100,apple_fk_openmp,16,2,0.04707549999989169,0.046493457999986276,0.0005032920000758168,27152c300a5d5ee120e785e56d5a51e4159f29d369e1888f3c7af5098fa7c1d5,46992a1dd9fef7bd1da8938dee9d5e1c15cc9645313d7c6c6a562ef5dd42b999
Z8_R100,apple_fk_openmp,16,3,0.04738033299986455,0.046807875000013155,0.0004927500001485896,27152c300a5d5ee120e785e56d5a51e4159f29d369e1888f3c7af5098fa7c1d5,46992a1dd9fef7bd1da8938dee9d5e1c15cc9645313d7c6c6a562ef5dd42b999
Z8_R100,apple_fk_openmp,16,4,0.04858629199998177,0.048018459000104485,0.00048445799984619953,27152c300a5d5ee120e785e56d5a51e4159f29d369e1888f3c7af5098fa7c1d5,46992a1dd9fef7bd1da8938dee9d5e1c15cc9645313d7c6c6a562ef5dd42b999
Z8_R100,apple_cpu_1,1,0,0.5708990419998372,0.5682430000001659,0.000923999999940861,646a9b7379a359fe4aba56e489eda218ff78251646011d96905065d2c09f7656,213013af4d695ff49152e2377f9b296da8dc55e0ac4816502b064a8b1fac97df
Z8_R100,apple_cpu_1,1,1,0.5315459999999348,0.5286920000000919,0.0009489999999914289,646a9b7379a359fe4aba56e489eda218ff78251646011d96905065d2c09f7656,213013af4d695ff49152e2377f9b296da8dc55e0ac4816502b064a8b1fac97df
Z8_R100,apple_cpu_1,1,2,0.5469298750001599,0.5440229999999247,0.0009569999999712309,646a9b7379a359fe4aba56e489eda218ff78251646011d96905065d2c09f7656,213013af4d695ff49152e2377f9b296da8dc55e0ac4816502b064a8b1fac97df
Z8_R100,apple_cpu_1,1,3,0.5363492090000364,0.5333989999999176,0.0009250000000520231,646a9b7379a359fe4aba56e489eda218ff78251646011d96905065d2c09f7656,213013af4d695ff49152e2377f9b296da8dc55e0ac4816502b064a8b1fac97df
Z8_R100,apple_cpu_1,1,4,0.5386349160000918,0.535656999999901,0.0009600000000773434,646a9b7379a359fe4aba56e489eda218ff78251646011d96905065d2c09f7656,213013af4d695ff49152e2377f9b296da8dc55e0ac4816502b064a8b1fac97df
Z8_R100,apple_cpu_16,16,0,0.0467250829999557,0.04425700000001598,0.0009079999999812571,646a9b7379a359fe4aba56e489eda218ff78251646011d96905065d2c09f7656,213013af4d695ff49152e2377f9b296da8dc55e0ac4816502b064a8b1fac97df
Z8_R100,apple_cpu_16,16,1,0.047542875000090135,0.044775999999956184,0.0009169999998448475,646a9b7379a359fe4aba56e489eda218ff78251646011d96905065d2c09f7656,213013af4d695ff49152e2377f9b296da8dc55e0ac4816502b064a8b1fac97df
Z8_R100,apple_cpu_16,16,2,0.05049349999990227,0.0475450000001274,0.0009549999999762804,646a9b7379a359fe4aba56e489eda218ff78251646011d96905065d2c09f7656,213013af4d695ff49152e2377f9b296da8dc55e0ac4816502b064a8b1fac97df
Z8_R100,apple_cpu_16,16,3,0.04692499999987376,0.04405899999983376,0.0009159999999610591,646a9b7379a359fe4aba56e489eda218ff78251646011d96905065d2c09f7656,213013af4d695ff49152e2377f9b296da8dc55e0ac4816502b064a8b1fac97df
Z8_R100,apple_cpu_16,16,4,0.04953391599997303,0.04670600000008562,0.0009509999999863794,646a9b7379a359fe4aba56e489eda218ff78251646011d96905065d2c09f7656,213013af4d695ff49152e2377f9b296da8dc55e0ac4816502b064a8b1fac97df
Z8_R100,apple_mps,16,0,0.02717012500011151,0.024736000000075364,0.0009139999999661086,7ba41f1950bcdaaff5a817758e595583a2599511cf47c4c3a8deb4c4897bd614,ff2df23b763388a23238cd38ebbb905082860e8b9500938e694d85fc4ebeaa04
Z8_R100,apple_mps,16,1,0.025933874999964246,0.023400000000037835,0.0009170000000722212,7ba41f1950bcdaaff5a817758e595583a2599511cf47c4c3a8deb4c4897bd614,ff2df23b763388a23238cd38ebbb905082860e8b9500938e694d85fc4ebeaa04
Z8_R100,apple_mps,16,2,0.029421917000036046,0.026867999999922176,0.0009110000000873697,7ba41f1950bcdaaff5a817758e595583a2599511cf47c4c3a8deb4c4897bd614,ff2df23b763388a23238cd38ebbb905082860e8b9500938e694d85fc4ebeaa04
Z8_R100,apple_mps,16,3,0.02569349999998849,0.023167999999941458,0.0009190000000671716,7ba41f1950bcdaaff5a817758e595583a2599511cf47c4c3a8deb4c4897bd614,ff2df23b763388a23238cd38ebbb905082860e8b9500938e694d85fc4ebeaa04
Z8_R100,apple_mps,16,4,0.026260459000013725,0.02377799999999297,0.000914999999849897,7ba41f1950bcdaaff5a817758e595583a2599511cf47c4c3a8deb4c4897bd614,ff2df23b763388a23238cd38ebbb905082860e8b9500938e694d85fc4ebeaa04
Z8_R100,remote_fk_serial,1,0,5.0547683159820735,5.052997613907792,0.0015171850100159645,3ab5dc150e70c2ad32e3fafb4396c33266bcf23358ff8f06e96bb6c38590c00e,2f8533d1c3927cea0388f086dda367a61071bd6413b5cbc6a6ee5a8c4c1390a1
Z8_R100,remote_fk_serial,1,1,5.030047059990466,5.028129072044976,0.0015902629820629954,3ab5dc150e70c2ad32e3fafb4396c33266bcf23358ff8f06e96bb6c38590c00e,2f8533d1c3927cea0388f086dda367a61071bd6413b5cbc6a6ee5a8c4c1390a1
Z8_R100,remote_fk_serial,1,2,4.9806499080732465,4.979084772057831,0.0013424879871308804,3ab5dc150e70c2ad32e3fafb4396c33266bcf23358ff8f06e96bb6c38590c00e,2f8533d1c3927cea0388f086dda367a61071bd6413b5cbc6a6ee5a8c4c1390a1
Z8_R100,remote_fk_serial,1,3,4.954272288014181,4.952430663979612,0.0014806970721110702,3ab5dc150e70c2ad32e3fafb4396c33266bcf23358ff8f06e96bb6c38590c00e,2f8533d1c3927cea0388f086dda367a61071bd6413b5cbc6a6ee5a8c4c1390a1
Z8_R100,remote_fk_serial,1,4,4.883378747967072,4.881600323948078,0.0014783319784328341,3ab5dc150e70c2ad32e3fafb4396c33266bcf23358ff8f06e96bb6c38590c00e,2f8533d1c3927cea0388f086dda367a61071bd6413b5cbc6a6ee5a8c4c1390a1
Z8_R100,remote_fk_openmp,32,0,0.37911609397269785,0.37737727200146765,0.0014632550301030278,3ab5dc150e70c2ad32e3fafb4396c33266bcf23358ff8f06e96bb6c38590c00e,2f8533d1c3927cea0388f086dda367a61071bd6413b5cbc6a6ee5a8c4c1390a1
Z8_R100,remote_fk_openmp,32,1,0.3463648980250582,0.3447261250112206,0.0013571350136771798,3ab5dc150e70c2ad32e3fafb4396c33266bcf23358ff8f06e96bb6c38590c00e,2f8533d1c3927cea0388f086dda367a61071bd6413b5cbc6a6ee5a8c4c1390a1
Z8_R100,remote_fk_openmp,32,2,0.4594475319609046,0.45767784398049116,0.001538336044177413,3ab5dc150e70c2ad32e3fafb4396c33266bcf23358ff8f06e96bb6c38590c00e,2f8533d1c3927cea0388f086dda367a61071bd6413b5cbc6a6ee5a8c4c1390a1
Z8_R100,remote_fk_openmp,32,3,0.3653955580666661,0.3637711419723928,0.001405274961143732,3ab5dc150e70c2ad32e3fafb4396c33266bcf23358ff8f06e96bb6c38590c00e,2f8533d1c3927cea0388f086dda367a61071bd6413b5cbc6a6ee5a8c4c1390a1
Z8_R100,remote_fk_openmp,32,4,0.40487547602970153,0.4031308040721342,0.0014976190868765116,3ab5dc150e70c2ad32e3fafb4396c33266bcf23358ff8f06e96bb6c38590c00e,2f8533d1c3927cea0388f086dda367a61071bd6413b5cbc6a6ee5a8c4c1390a1
Z8_R100,remote_cpu_1,1,0,3.2837214650353417,3.273370621027425,0.004034016979858279,5c2b7169d2a4a02cc5151f788e798585000f8ff03ada18abe08c4318bab0b647,668e9e11e58b4405bd6e7867f8b0199b595b0c27d2497583cf7cff90ebe09c72
Z8_R100,remote_cpu_1,1,1,3.1861055090557784,3.1762787809129804,0.0031454480485990644,5c2b7169d2a4a02cc5151f788e798585000f8ff03ada18abe08c4318bab0b647,668e9e11e58b4405bd6e7867f8b0199b595b0c27d2497583cf7cff90ebe09c72
Z8_R100,remote_cpu_1,1,2,3.226845609024167,3.217588232946582,0.002976877032779157,5c2b7169d2a4a02cc5151f788e798585000f8ff03ada18abe08c4318bab0b647,668e9e11e58b4405bd6e7867f8b0199b595b0c27d2497583cf7cff90ebe09c72
Z8_R100,remote_cpu_1,1,3,3.313837510999292,3.304751417017542,0.003481494029983878,5c2b7169d2a4a02cc5151f788e798585000f8ff03ada18abe08c4318bab0b647,668e9e11e58b4405bd6e7867f8b0199b595b0c27d2497583cf7cff90ebe09c72
Z8_R100,remote_cpu_1,1,4,3.2412511099828407,3.2311791910324246,0.003694498911499977,5c2b7169d2a4a02cc5151f788e798585000f8ff03ada18abe08c4318bab0b647,668e9e11e58b4405bd6e7867f8b0199b595b0c27d2497583cf7cff90ebe09c72
Z8_R100,remote_cpu_32,32,0,0.2574851689860225,0.24825819302350283,0.0033419179962947965,5c2b7169d2a4a02cc5151f788e798585000f8ff03ada18abe08c4318bab0b647,668e9e11e58b4405bd6e7867f8b0199b595b0c27d2497583cf7cff90ebe09c72
Z8_R100,remote_cpu_32,32,1,0.26841564499773085,0.25708595989272,0.004272170946933329,5c2b7169d2a4a02cc5151f788e798585000f8ff03ada18abe08c4318bab0b647,668e9e11e58b4405bd6e7867f8b0199b595b0c27d2497583cf7cff90ebe09c72
Z8_R100,remote_cpu_32,32,2,0.25394105701707304,0.24480652902275324,0.002820019028149545,5c2b7169d2a4a02cc5151f788e798585000f8ff03ada18abe08c4318bab0b647,668e9e11e58b4405bd6e7867f8b0199b595b0c27d2497583cf7cff90ebe09c72
Z8_R100,remote_cpu_32,32,3,0.2513977308990434,0.24073390394914895,0.0042186499340459704,5c2b7169d2a4a02cc5151f788e798585000f8ff03ada18abe08c4318bab0b647,668e9e11e58b4405bd6e7867f8b0199b595b0c27d2497583cf7cff90ebe09c72
Z8_R100,remote_cpu_32,32,4,0.2467941549839452,0.23700368392746896,0.002956754993647337,5c2b7169d2a4a02cc5151f788e798585000f8ff03ada18abe08c4318bab0b647,668e9e11e58b4405bd6e7867f8b0199b595b0c27d2497583cf7cff90ebe09c72
Z8_R100,rtx5090,32,0,0.156776478048414,0.14555271598510444,0.004510510014370084,eed3cad1bc4188181e24af60b89864791cac4c2473ead81f5e8df3a69af1ce39,b5c051856dbee1ad4bd72a9ab5bf958d7dcf25c0e913c576e658d85f5dbe037a
Z8_R100,rtx5090,32,1,0.1451609330251813,0.13432238704990596,0.004325652029365301,eed3cad1bc4188181e24af60b89864791cac4c2473ead81f5e8df3a69af1ce39,b5c051856dbee1ad4bd72a9ab5bf958d7dcf25c0e913c576e658d85f5dbe037a
Z8_R100,rtx5090,32,2,0.1512208180502057,0.14201090403366834,0.0033391629112884402,eed3cad1bc4188181e24af60b89864791cac4c2473ead81f5e8df3a69af1ce39,b5c051856dbee1ad4bd72a9ab5bf958d7dcf25c0e913c576e658d85f5dbe037a
Z8_R100,rtx5090,32,3,0.15102113503962755,0.1421811180189252,0.002583715016953647,eed3cad1bc4188181e24af60b89864791cac4c2473ead81f5e8df3a69af1ce39,b5c051856dbee1ad4bd72a9ab5bf958d7dcf25c0e913c576e658d85f5dbe037a
Z8_R100,rtx5090,32,4,0.13929858105257154,0.1303174200002104,0.002993069007061422,eed3cad1bc4188181e24af60b89864791cac4c2473ead81f5e8df3a69af1ce39,b5c051856dbee1ad4bd72a9ab5bf958d7dcf25c0e913c576e658d85f5dbe037a
Z8_R1000,apple_fk_serial,1,0,0.8390499160000218,0.8384728749999795,0.0005022090001602919,d3854c2749f76def8d28a43b0c6d836a40248519d53097e805f15203929a115c,18d49ed37cd342dd7ab012a9a419197545367e7aabeeae12f8da35ef532ffc38
Z8_R1000,apple_fk_serial,1,1,0.8397992080001586,0.8392289170001277,0.0004894169999261067,d3854c2749f76def8d28a43b0c6d836a40248519d53097e805f15203929a115c,18d49ed37cd342dd7ab012a9a419197545367e7aabeeae12f8da35ef532ffc38
Z8_R1000,apple_fk_serial,1,2,0.8356400840000333,0.835050874999979,0.0005078330000287679,d3854c2749f76def8d28a43b0c6d836a40248519d53097e805f15203929a115c,18d49ed37cd342dd7ab012a9a419197545367e7aabeeae12f8da35ef532ffc38
Z8_R1000,apple_fk_serial,1,3,0.83118204099992,0.8305949170000986,0.0005112500000450382,d3854c2749f76def8d28a43b0c6d836a40248519d53097e805f15203929a115c,18d49ed37cd342dd7ab012a9a419197545367e7aabeeae12f8da35ef532ffc38
Z8_R1000,apple_fk_serial,1,4,0.8421068340001057,0.8415494160001344,0.000480749999951513,d3854c2749f76def8d28a43b0c6d836a40248519d53097e805f15203929a115c,18d49ed37cd342dd7ab012a9a419197545367e7aabeeae12f8da35ef532ffc38
Z8_R1000,apple_fk_openmp,16,0,0.07343704200002321,0.0728374170000734,0.0005219170000145823,d3854c2749f76def8d28a43b0c6d836a40248519d53097e805f15203929a115c,18d49ed37cd342dd7ab012a9a419197545367e7aabeeae12f8da35ef532ffc38
Z8_R1000,apple_fk_openmp,16,1,0.07749570800001493,0.07688062500005799,0.000533082999936596,d3854c2749f76def8d28a43b0c6d836a40248519d53097e805f15203929a115c,18d49ed37cd342dd7ab012a9a419197545367e7aabeeae12f8da35ef532ffc38
Z8_R1000,apple_fk_openmp,16,2,0.08349391699994158,0.08289945899991835,0.0005062089999228192,d3854c2749f76def8d28a43b0c6d836a40248519d53097e805f15203929a115c,18d49ed37cd342dd7ab012a9a419197545367e7aabeeae12f8da35ef532ffc38
Z8_R1000,apple_fk_openmp,16,3,0.07120762499994271,0.07064024999999674,0.0004885839998678421,d3854c2749f76def8d28a43b0c6d836a40248519d53097e805f15203929a115c,18d49ed37cd342dd7ab012a9a419197545367e7aabeeae12f8da35ef532ffc38
Z8_R1000,apple_fk_openmp,16,4,0.07322312499991313,0.07265245899998263,0.0004896250000001601,d3854c2749f76def8d28a43b0c6d836a40248519d53097e805f15203929a115c,18d49ed37cd342dd7ab012a9a419197545367e7aabeeae12f8da35ef532ffc38
Z8_R1000,apple_cpu_1,1,0,0.8255797500000881,0.8226130000000467,0.000933000000031825,13c37ae2f29f74f9bf965ec69d22cffc40eea53fa469c0fab15a7457ce3217e4,341f910ebe6b4123eaac7f1549aa472654642465d69bc9736dd85a7c4adafd4a
Z8_R1000,apple_cpu_1,1,1,0.8194117089999509,0.8164460000000417,0.0009259999999358115,13c37ae2f29f74f9bf965ec69d22cffc40eea53fa469c0fab15a7457ce3217e4,341f910ebe6b4123eaac7f1549aa472654642465d69bc9736dd85a7c4adafd4a
Z8_R1000,apple_cpu_1,1,2,0.8298126249999314,0.8269719999998415,0.0009270000000469736,13c37ae2f29f74f9bf965ec69d22cffc40eea53fa469c0fab15a7457ce3217e4,341f910ebe6b4123eaac7f1549aa472654642465d69bc9736dd85a7c4adafd4a
Z8_R1000,apple_cpu_1,1,3,0.8282887919999666,0.825313000000051,0.0009390000000166765,13c37ae2f29f74f9bf965ec69d22cffc40eea53fa469c0fab15a7457ce3217e4,341f910ebe6b4123eaac7f1549aa472654642465d69bc9736dd85a7c4adafd4a
Z8_R1000,apple_cpu_1,1,4,0.8261012919999757,0.8230510000000777,0.0009380000001328881,13c37ae2f29f74f9bf965ec69d22cffc40eea53fa469c0fab15a7457ce3217e4,341f910ebe6b4123eaac7f1549aa472654642465d69bc9736dd85a7c4adafd4a
Z8_R1000,apple_cpu_16,16,0,0.07172216700018907,0.06913399999984904,0.0009680000000571454,13c37ae2f29f74f9bf965ec69d22cffc40eea53fa469c0fab15a7457ce3217e4,341f910ebe6b4123eaac7f1549aa472654642465d69bc9736dd85a7c4adafd4a
Z8_R1000,apple_cpu_16,16,1,0.07168108400014717,0.06898700000010649,0.000954000000092492,13c37ae2f29f74f9bf965ec69d22cffc40eea53fa469c0fab15a7457ce3217e4,341f910ebe6b4123eaac7f1549aa472654642465d69bc9736dd85a7c4adafd4a
Z8_R1000,apple_cpu_16,16,2,0.07241916599991782,0.0696810000001733,0.0009210000000621221,13c37ae2f29f74f9bf965ec69d22cffc40eea53fa469c0fab15a7457ce3217e4,341f910ebe6b4123eaac7f1549aa472654642465d69bc9736dd85a7c4adafd4a
Z8_R1000,apple_cpu_16,16,3,0.07343429200000173,0.07077899999990223,0.0009709999999358843,13c37ae2f29f74f9bf965ec69d22cffc40eea53fa469c0fab15a7457ce3217e4,341f910ebe6b4123eaac7f1549aa472654642465d69bc9736dd85a7c4adafd4a
Z8_R1000,apple_cpu_16,16,4,0.07552233299998079,0.07254800000009709,0.0009979999999814027,13c37ae2f29f74f9bf965ec69d22cffc40eea53fa469c0fab15a7457ce3217e4,341f910ebe6b4123eaac7f1549aa472654642465d69bc9736dd85a7c4adafd4a
Z8_R1000,apple_mps,16,0,0.040259417000015674,0.037376999999878535,0.0010310000000117725,274e47d7a4eaecbf9f1062394c919f784870822bcdb9c187a1d8112b60127fe6,17e93296f0ea638e5f299220730d2b2666e13aae3ab1ef01ad206c22881deaad
Z8_R1000,apple_mps,16,1,0.03963241599990397,0.03676399999994828,0.0009610000001885055,274e47d7a4eaecbf9f1062394c919f784870822bcdb9c187a1d8112b60127fe6,17e93296f0ea638e5f299220730d2b2666e13aae3ab1ef01ad206c22881deaad
Z8_R1000,apple_mps,16,2,0.03929700000003322,0.03650000000016007,0.0009229999998296989,274e47d7a4eaecbf9f1062394c919f784870822bcdb9c187a1d8112b60127fe6,17e93296f0ea638e5f299220730d2b2666e13aae3ab1ef01ad206c22881deaad
Z8_R1000,apple_mps,16,3,0.03805066599989004,0.03550500000005741,0.0009329999998044514,274e47d7a4eaecbf9f1062394c919f784870822bcdb9c187a1d8112b60127fe6,17e93296f0ea638e5f299220730d2b2666e13aae3ab1ef01ad206c22881deaad
Z8_R1000,apple_mps,16,4,0.04022549999990588,0.03745299999991403,0.0009249999998246494,274e47d7a4eaecbf9f1062394c919f784870822bcdb9c187a1d8112b60127fe6,17e93296f0ea638e5f299220730d2b2666e13aae3ab1ef01ad206c22881deaad
Z8_R1000,remote_fk_serial,1,0,7.8371674079680815,7.835369907901622,0.0015491549856960773,661df9505a103ce817ecea796c8c6a945c070645056d32e60b57d251199fc562,480bb1031b33b858323e5edb1d88da4e8e6ed58a679178d895c2a3e79d4582b0
Z8_R1000,remote_fk_serial,1,1,7.794541921000928,7.79246792208869,0.0018177080200985074,661df9505a103ce817ecea796c8c6a945c070645056d32e60b57d251199fc562,480bb1031b33b858323e5edb1d88da4e8e6ed58a679178d895c2a3e79d4582b0
Z8_R1000,remote_fk_serial,1,2,7.7618870520964265,7.760075534926727,0.0015500070294365287,661df9505a103ce817ecea796c8c6a945c070645056d32e60b57d251199fc562,480bb1031b33b858323e5edb1d88da4e8e6ed58a679178d895c2a3e79d4582b0
Z8_R1000,remote_fk_serial,1,3,7.870545702986419,7.8687620180426165,0.001502758008427918,661df9505a103ce817ecea796c8c6a945c070645056d32e60b57d251199fc562,480bb1031b33b858323e5edb1d88da4e8e6ed58a679178d895c2a3e79d4582b0
Z8_R1000,remote_fk_serial,1,4,7.885006229975261,7.883272750070319,0.0014817590126767755,661df9505a103ce817ecea796c8c6a945c070645056d32e60b57d251199fc562,480bb1031b33b858323e5edb1d88da4e8e6ed58a679178d895c2a3e79d4582b0
Z8_R1000,remote_fk_openmp,32,0,0.5591257699998096,0.5574005449889228,0.0015034099342301488,661df9505a103ce817ecea796c8c6a945c070645056d32e60b57d251199fc562,480bb1031b33b858323e5edb1d88da4e8e6ed58a679178d895c2a3e79d4582b0
Z8_R1000,remote_fk_openmp,32,1,0.6275968950940296,0.6256797049427405,0.001644228002987802,661df9505a103ce817ecea796c8c6a945c070645056d32e60b57d251199fc562,480bb1031b33b858323e5edb1d88da4e8e6ed58a679178d895c2a3e79d4582b0
Z8_R1000,remote_fk_openmp,32,2,0.5972252759383991,0.5955298959743232,0.0014752569841220975,661df9505a103ce817ecea796c8c6a945c070645056d32e60b57d251199fc562,480bb1031b33b858323e5edb1d88da4e8e6ed58a679178d895c2a3e79d4582b0
Z8_R1000,remote_fk_openmp,32,3,0.6192596470937133,0.6177655840292573,0.0012780670076608658,661df9505a103ce817ecea796c8c6a945c070645056d32e60b57d251199fc562,480bb1031b33b858323e5edb1d88da4e8e6ed58a679178d895c2a3e79d4582b0
Z8_R1000,remote_fk_openmp,32,4,0.5516158320242539,0.5498399210628122,0.0015304710250347853,661df9505a103ce817ecea796c8c6a945c070645056d32e60b57d251199fc562,480bb1031b33b858323e5edb1d88da4e8e6ed58a679178d895c2a3e79d4582b0
Z8_R1000,remote_cpu_1,1,0,5.0227638920769095,5.012833938002586,0.0038121009711176157,32bd9782f3f470a3530f5b2cff64f13787ca661ff95c100cebbe39e01724e74e,fee3c40c65d807a8bcd6c8b8be28a9d730724539123860f6763a0dc737b7cbd3
Z8_R1000,remote_cpu_1,1,1,5.152699426980689,5.1419086350360885,0.002743456047028303,32bd9782f3f470a3530f5b2cff64f13787ca661ff95c100cebbe39e01724e74e,fee3c40c65d807a8bcd6c8b8be28a9d730724539123860f6763a0dc737b7cbd3
Z8_R1000,remote_cpu_1,1,2,5.385648711002432,5.375246283016168,0.00386787299066782,32bd9782f3f470a3530f5b2cff64f13787ca661ff95c100cebbe39e01724e74e,fee3c40c65d807a8bcd6c8b8be28a9d730724539123860f6763a0dc737b7cbd3
Z8_R1000,remote_cpu_1,1,3,4.959031395032071,4.950308800907806,0.003040668088942766,32bd9782f3f470a3530f5b2cff64f13787ca661ff95c100cebbe39e01724e74e,fee3c40c65d807a8bcd6c8b8be28a9d730724539123860f6763a0dc737b7cbd3
Z8_R1000,remote_cpu_1,1,4,5.017304175999016,5.006412266986445,0.0045574980322271585,32bd9782f3f470a3530f5b2cff64f13787ca661ff95c100cebbe39e01724e74e,fee3c40c65d807a8bcd6c8b8be28a9d730724539123860f6763a0dc737b7cbd3
Z8_R1000,remote_cpu_32,32,0,0.3958588190143928,0.3849674629746005,0.005055472021922469,32bd9782f3f470a3530f5b2cff64f13787ca661ff95c100cebbe39e01724e74e,fee3c40c65d807a8bcd6c8b8be28a9d730724539123860f6763a0dc737b7cbd3
Z8_R1000,remote_cpu_32,32,1,0.3644326259382069,0.3542710340116173,0.0036499800626188517,32bd9782f3f470a3530f5b2cff64f13787ca661ff95c100cebbe39e01724e74e,fee3c40c65d807a8bcd6c8b8be28a9d730724539123860f6763a0dc737b7cbd3
Z8_R1000,remote_cpu_32,32,2,0.3663445330457762,0.3563938189763576,0.0033481180435046554,32bd9782f3f470a3530f5b2cff64f13787ca661ff95c100cebbe39e01724e74e,fee3c40c65d807a8bcd6c8b8be28a9d730724539123860f6763a0dc737b7cbd3
Z8_R1000,remote_cpu_32,32,3,0.37563305790536106,0.36429773597046733,0.004539040965028107,32bd9782f3f470a3530f5b2cff64f13787ca661ff95c100cebbe39e01724e74e,fee3c40c65d807a8bcd6c8b8be28a9d730724539123860f6763a0dc737b7cbd3
Z8_R1000,remote_cpu_32,32,4,0.3936699099140242,0.38281289604492486,0.004509740974754095,32bd9782f3f470a3530f5b2cff64f13787ca661ff95c100cebbe39e01724e74e,fee3c40c65d807a8bcd6c8b8be28a9d730724539123860f6763a0dc737b7cbd3
Z8_R1000,rtx5090,32,0,0.20974463399033993,0.19794166693463922,0.003297884948551655,fefb366cbbbce4790da2a5b871bc6b9f9c38ba0233af646a04f0b382ef5fc5b5,0a77f02176741d84c522f9ca02612f6d39dfc737a7a60ad0253a69c21c4137eb
Z8_R1000,rtx5090,32,1,0.2168992490042001,0.20695528597570956,0.003842941951006651,fefb366cbbbce4790da2a5b871bc6b9f9c38ba0233af646a04f0b382ef5fc5b5,0a77f02176741d84c522f9ca02612f6d39dfc737a7a60ad0253a69c21c4137eb
Z8_R1000,rtx5090,32,2,0.21033507003448904,0.19923024100717157,0.003918408998288214,fefb366cbbbce4790da2a5b871bc6b9f9c38ba0233af646a04f0b382ef5fc5b5,0a77f02176741d84c522f9ca02612f6d39dfc737a7a60ad0253a69c21c4137eb
Z8_R1000,rtx5090,32,3,0.2212285209679976,0.21148738008923829,0.0031452899565920234,fefb366cbbbce4790da2a5b871bc6b9f9c38ba0233af646a04f0b382ef5fc5b5,0a77f02176741d84c522f9ca02612f6d39dfc737a7a60ad0253a69c21c4137eb
Z8_R1000,rtx5090,32,4,0.22290152194909751,0.2135034240782261,0.003267747932113707,fefb366cbbbce4790da2a5b871bc6b9f9c38ba0233af646a04f0b382ef5fc5b5,0a77f02176741d84c522f9ca02612f6d39dfc737a7a60ad0253a69c21c4137eb
